seed,t0,delta,delta_units,horizon,curve_mode,impulse_mode,strategic_direction,selected_action_index,selected_slack_index,baseline_X,baseline_immediate_midprice,baseline_DeltaP,baseline_future_midprice,inventory_before,midprice_before,spread_before,imbalance_before,bid_depth_before,ask_depth_before,best_bid_before,best_ask_before,X_level,immediate_midprice_level,DeltaP_level,future_midprice_level,planned_market_sell_baseline,planned_market_sell_level,local_treatment_difference,local_immediate_level_difference,local_level_difference,local_outcome_difference,beta_exec_immediate_hat,beta_exec_level_hat,beta_exec_hat,beta_action_immediate_hat,beta_action_level_hat,beta_action_hat,clipped
100,2,-3.0,lots,1,symmetric,True,sell,0,1,-3.0,998.5,-1.0,997.5,13.0,998.5,1.0,-0.0001717793965125,7.458985960628317,7.461549001119692,998.0,999.0,0.0,998.5,-1.0,997.5,3.0,0.0,3.0,0.0,0.0,0.0,0.0,0.0,0.0,-0.0,-0.0,-0.0,False
100,2,-2.0,lots,1,symmetric,True,sell,0,1,-3.0,998.5,-1.0,997.5,13.0,998.5,1.0,-0.0001717793965125,7.458985960628317,7.461549001119692,998.0,999.0,-1.0,998.5,-1.0,997.5,3.0,1.0,2.0,0.0,0.0,0.0,0.0,0.0,0.0,-0.0,-0.0,-0.0,False
100,2,-1.0,lots,1,symmetric,True,sell,0,1,-3.0,998.5,-1.0,997.5,13.0,998.5,1.0,-0.0001717793965125,7.458985960628317,7.461549001119692,998.0,999.0,-2.0,998.5,-1.0,997.5,3.0,2.0,1.0,0.0,0.0,0.0,0.0,0.0,0.0,-0.0,-0.0,-0.0,False
100,2,1.0,lots,1,symmetric,True,sell,0,1,-3.0,998.5,-1.0,997.5,13.0,998.5,1.0,-0.0001717793965125,7.458985960628317,7.461549001119692,998.0,999.0,-4.0,998.5,-1.0,997.5,3.0,4.0,-1.0,0.0,0.0,0.0,-0.0,-0.0,-0.0,0.0,0.0,0.0,False
100,2,2.0,lots,1,symmetric,True,sell,0,1,-3.0,998.5,-1.0,997.5,13.0,998.5,1.0,-0.0001717793965125,7.458985960628317,7.461549001119692,998.0,999.0,-5.0,998.5,-1.0,997.5,3.0,5.0,-2.0,0.0,0.0,0.0,-0.0,-0.0,-0.0,0.0,0.0,0.0,False
100,2,3.0,lots,1,symmetric,True,sell,0,1,-3.0,998.5,-1.0,997.5,13.0,998.5,1.0,-0.0001717793965125,7.458985960628317,7.461549001119692,998.0,999.0,-6.0,998.5,-1.0,997.5,3.0,6.0,-3.0,0.0,0.0,0.0,-0.0,-0.0,-0.0,0.0,0.0,0.0,False
103,3,-3.0,lots,1,symmetric,True,sell,0,1,-3.0,997.5,-0.5,997.0,12.0,997.5,1.0,-0.020957224797019,7.516181204969647,7.837961423602119,997.0,998.0,-2.0,997.5,0.0,997.5,3.0,0.0,1.0,0.0,0.5,0.5,0.0,0.5,0.5,-0.0,-0.1666666666666666,-0.1666666666666666,False
103,3,-2.0,lots,1,symmetric,True,sell,0,1,-3.0,997.5,-0.5,997.0,12.0,997.5,1.0,-0.020957224797019,7.516181204969647,7.837961423602119,997.0,998.0,-1.0,997.5,-0.5,997.0,3.0,1.0,2.0,0.0,0.0,0.0,0.0,0.0,0.0,-0.0,-0.0,-0.0,False
103,3,-1.0,lots,1,symmetric,True,sell,0,1,-3.0,997.5,-0.5,997.0,12.0,997.5,1.0,-0.020957224797019,7.516181204969647,7.837961423602119,997.0,998.0,-2.0,997.5,-0.5,997.0,3.0,2.0,1.0,0.0,0.0,0.0,0.0,0.0,0.0,-0.0,-0.0,-0.0,False
103,3,1.0,lots,1,symmetric,True,sell,0,1,-3.0,997.5,-0.5,997.0,12.0,997.5,1.0,-0.020957224797019,7.516181204969647,7.837961423602119,997.0,998.0,-4.0,997.5,-1.0,996.5,3.0,4.0,-1.0,0.0,-0.5,-0.5,-0.0,0.5,0.5,0.0,-0.5,-0.5,False
103,3,2.0,lots,1,symmetric,True,sell,0,1,-3.0,997.5,-0.5,997.0,12.0,997.5,1.0,-0.020957224797019,7.516181204969647,7.837961423602119,997.0,998.0,-5.0,997.0,-1.0,996.5,3.0,5.0,-2.0,-0.5,-0.5,-0.5,0.25,0.25,0.25,-0.25,-0.25,-0.25,False
103,3,3.0,lots,1,symmetric,True,sell,0,1,-3.0,997.5,-0.5,997.0,12.0,997.5,1.0,-0.020957224797019,7.516181204969647,7.837961423602119,997.0,998.0,-6.0,997.0,-1.0,996.5,3.0,6.0,-3.0,-0.5,-0.5,-0.5,0.1666666666666666,0.1666666666666666,0.1666666666666666,-0.1666666666666666,-0.1666666666666666,-0.1666666666666666,False
106,2,-3.0,lots,1,symmetric,True,sell,0,1,-6.0,998.5,0.0,998.5,11.0,998.5,1.0,-0.0762186980773489,7.843236886950575,9.137485434721391,998.0,999.0,-3.0,998.5,-1.0,997.5,3.0,0.0,3.0,0.0,-1.0,-1.0,0.0,-0.3333333333333333,-0.3333333333333333,-0.0,0.3333333333333333,0.3333333333333333,False
106,2,-2.0,lots,1,symmetric,True,sell,0,1,-6.0,998.5,0.0,998.5,11.0,998.5,1.0,-0.0762186980773489,7.843236886950575,9.137485434721391,998.0,999.0,-4.0,998.5,0.0,998.5,3.0,1.0,2.0,0.0,0.0,0.0,0.0,0.0,0.0,-0.0,-0.0,-0.0,False
106,2,-1.0,lots,1,symmetric,True,sell,0,1,-6.0,998.5,0.0,998.5,11.0,998.5,1.0,-0.0762186980773489,7.843236886950575,9.137485434721391,998.0,999.0,-5.0,998.5,-1.0,997.5,3.0,2.0,1.0,0.0,-1.0,-1.0,0.0,-1.0,-1.0,-0.0,1.0,1.0,False
106,2,1.0,lots,1,symmetric,True,sell,0,1,-6.0,998.5,0.0,998.5,11.0,998.5,1.0,-0.0762186980773489,7.843236886950575,9.137485434721391,998.0,999.0,-4.0,998.5,-1.0,997.5,3.0,4.0,2.0,0.0,-1.0,-1.0,0.0,-0.5,-0.5,0.0,-1.0,-1.0,False
106,2,2.0,lots,1,symmetric,True,sell,0,1,-6.0,998.5,0.0,998.5,11.0,998.5,1.0,-0.0762186980773489,7.843236886950575,9.137485434721391,998.0,999.0,-5.0,998.0,-1.0,997.5,3.0,5.0,1.0,-0.5,-1.0,-1.0,-0.5,-1.0,-1.0,-0.25,-0.5,-0.5,False
115,2,-3.0,lots,1,symmetric,True,sell,0,2,-7.0,998.5,-1.0,997.5,16.0,998.5,1.0,0.0437729681183789,9.360549830848312,8.575438390273527,998.0,999.0,-4.0,998.5,-1.0,997.5,3.0,0.0,3.0,0.0,0.0,0.0,0.0,0.0,0.0,-0.0,-0.0,-0.0,False
115,2,-2.0,lots,1,symmetric,True,sell,0,2,-7.0,998.5,-1.0,997.5,16.0,998.5,1.0,0.0437729681183789,9.360549830848312,8.575438390273527,998.0,999.0,-5.0,998.5,-1.0,997.5,3.0,1.0,2.0,0.0,0.0,0.0,0.0,0.0,0.0,-0.0,-0.0,-0.0,False
115,2,-1.0,lots,1,symmetric,True,sell,0,2,-7.0,998.5,-1.0,997.5,16.0,998.5,1.0,0.0437729681183789,9.360549830848312,8.575438390273527,998.0,999.0,-6.0,998.5,-1.0,997.5,3.0,2.0,1.0,0.0,0.0,0.0,0.0,0.0,0.0,-0.0,-0.0,-0.0,False
115,2,1.0,lots,1,symmetric,True,sell,0,2,-7.0,998.5,-1.0,997.5,16.0,998.5,1.0,0.0437729681183789,9.360549830848312,8.575438390273527,998.0,999.0,-8.0,998.5,-1.0,997.5,3.0,4.0,-1.0,0.0,0.0,0.0,-0.0,-0.0,-0.0,0.0,0.0,0.0,False
115,2,2.0,lots,1,symmetric,True,sell,0,2,-7.0,998.5,-1.0,997.5,16.0,998.5,1.0,0.0437729681183789,9.360549830848312,8.575438390273527,998.0,999.0,-9.0,998.5,-1.0,997.5,3.0,5.0,-2.0,0.0,0.0,0.0,-0.0,-0.0,-0.0,0.0,0.0,0.0,False
115,2,3.0,lots,1,symmetric,True,sell,0,2,-7.0,998.5,-1.0,997.5,16.0,998.5,1.0,0.0437729681183789,9.360549830848312,8.575438390273527,998.0,999.0,-10.0,998.5,-1.0,997.5,3.0,6.0,-3.0,0.0,0.0,0.0,-0.0,-0.0,-0.0,0.0,0.0,0.0,False
124,2,-3.0,lots,1,symmetric,True,sell,0,2,-6.0,998.5,-1.0,997.5,15.0,998.5,1.0,-0.1695411343930866,7.130316117591537,10.041674965628657,998.0,999.0,0.0,998.5,-1.0,997.5,3.0,0.0,6.0,0.0,0.0,0.0,0.0,0.0,0.0,-0.0,-0.0,-0.0,False
124,2,-2.0,lots,1,symmetric,True,sell,0,2,-6.0,998.5,-1.0,997.5,15.0,998.5,1.0,-0.1695411343930866,7.130316117591537,10.041674965628657,998.0,999.0,-2.0,998.5,-1.0,997.5,3.0,1.0,4.0,0.0,0.0,0.0,0.0,0.0,0.0,-0.0,-0.0,-0.0,False
124,2,-1.0,lots,1,symmetric,True,sell,0,2,-6.0,998.5,-1.0,997.5,15.0,998.5,1.0,-0.1695411343930866,7.130316117591537,10.041674965628657,998.0,999.0,-2.0,998.5,-1.0,997.5,3.0,2.0,4.0,0.0,0.0,0.0,0.0,0.0,0.0,-0.0,-0.0,-0.0,False
124,2,1.0,lots,1,symmetric,True,sell,0,2,-6.0,998.5,-1.0,997.5,15.0,998.5,1.0,-0.1695411343930866,7.130316117591537,10.041674965628657,998.0,999.0,-4.0,998.5,-1.0,997.5,3.0,4.0,2.0,0.0,0.0,0.0,0.0,0.0,0.0,0.0,0.0,0.0,False
124,2,2.0,lots,1,symmetric,True,sell,0,2,-6.0,998.5,-1.0,997.5,15.0,998.5,1.0,-0.1695411343930866,7.130316117591537,10.041674965628657,998.0,999.0,-5.0,998.0,-1.0,997.5,3.0,5.0,1.0,-0.5,0.0,0.0,-0.5,0.0,0.0,-0.25,0.0,0.0,False
127,2,-3.0,lots,1,symmetric,True,sell,0,1,-3.0,997.5,0.0,997.5,13.0,997.5,1.0,0.3839440725766181,11.14089873054398,4.959316518475333,997.0,998.0,0.0,997.5,0.0,997.5,3.0,0.0,3.0,0.0,0.0,0.0,0.0,0.0,0.0,-0.0,-0.0,-0.0,False
127,2,-2.0,lots,1,symmetric,True,sell,0,1,-3.0,997.5,0.0,997.5,13.0,997.5,1.0,0.3839440725766181,11.14089873054398,4.959316518475333,997.0,998.0,-1.0,997.5,0.0,997.5,3.0,1.0,2.0,0.0,0.0,0.0,0.0,0.0,0.0,-0.0,-0.0,-0.0,False
127,2,-1.0,lots,1,symmetric,True,sell,0,1,-3.0,997.5,0.0,997.5,13.0,997.5,1.0,0.3839440725766181,11.14089873054398,4.959316518475333,997.0,998.0,-2.0,997.5,0.0,997.5,3.0,2.0,1.0,0.0,0.0,0.0,0.0,0.0,0.0,-0.0,-0.0,-0.0,False
127,2,1.0,lots,1,symmetric,True,sell,0,1,-3.0,997.5,0.0,997.5,13.0,997.5,1.0,0.3839440725766181,11.14089873054398,4.959316518475333,997.0,998.0,-4.0,997.5,0.0,997.5,3.0,4.0,-1.0,0.0,0.0,0.0,-0.0,-0.0,-0.0,0.0,0.0,0.0,False
127,2,2.0,lots,1,symmetric,True,sell,0,1,-3.0,997.5,0.0,997.5,13.0,997.5,1.0,0.3839440725766181,11.14089873054398,4.959316518475333,997.0,998.0,-5.0,997.5,0.0,997.5,3.0,5.0,-2.0,0.0,0.0,0.0,-0.0,-0.0,-0.0,0.0,0.0,0.0,False
127,2,3.0,lots,1,symmetric,True,sell,0,1,-3.0,997.5,0.0,997.5,13.0,997.5,1.0,0.3839440725766181,11.14089873054398,4.959316518475333,997.0,998.0,-6.0,997.5,0.0,997.5,3.0,6.0,-3.0,0.0,0.0,0.0,-0.0,-0.0,-0.0,0.0,0.0,0.0,False
129,2,-3.0,lots,1,symmetric,True,sell,0,1,-5.0,999.0,-1.0,998.5,15.0,999.5,1.0,-0.2659850011611696,6.848199097553006,11.811362650875743,999.0,1000.0,-1.0,999.5,-1.0,998.5,4.0,1.0,4.0,0.5,0.0,0.0,0.125,0.0,0.0,-0.1666666666666666,-0.0,-0.0,False
129,2,-2.0,lots,1,symmetric,True,sell,0,1,-5.0,999.0,-1.0,998.5,15.0,999.5,1.0,-0.2659850011611696,6.848199097553006,11.811362650875743,999.0,1000.0,-3.0,999.0,-1.0,998.5,4.0,2.0,2.0,0.0,0.0,0.0,0.0,0.0,0.0,-0.0,-0.0,-0.0,False
129,2,-1.0,lots,1,symmetric,True,sell,0,1,-5.0,999.0,-1.0,998.5,15.0,999.5,1.0,-0.2659850011611696,6.848199097553006,11.811362650875743,999.0,1000.0,-4.0,999.0,-1.0,998.5,4.0,3.0,1.0,0.0,0.0,0.0,0.0,0.0,0.0,-0.0,-0.0,-0.0,False
129,2,1.0,lots,1,symmetric,True,sell,0,1,-5.0,999.0,-1.0,998.5,15.0,999.5,1.0,-0.2659850011611696,6.848199097553006,11.811362650875743,999.0,1000.0,-6.0,999.0,-1.0,998.5,4.0,5.0,-1.0,0.0,0.0,0.0,-0.0,-0.0,-0.0,0.0,0.0,0.0,False
129,2,2.0,lots,1,symmetric,True,sell,0,1,-5.0,999.0,-1.0,998.5,15.0,999.5,1.0,-0.2659850011611696,6.848199097553006,11.811362650875743,999.0,1000.0,-7.0,999.0,-1.0,998.5,4.0,6.0,-2.0,0.0,0.0,0.0,-0.0,-0.0,-0.0,0.0,0.0,0.0,False
129,2,3.0,lots,1,symmetric,True,sell,0,1,-5.0,999.0,-1.0,998.5,15.0,999.5,1.0,-0.2659850011611696,6.848199097553006,11.811362650875743,999.0,1000.0,-8.0,999.0,-1.0,998.5,4.0,7.0,-3.0,0.0,0.0,0.0,-0.0,-0.0,-0.0,0.0,0.0,0.0,False
132,3,-3.0,lots,1,symmetric,True,sell,0,1,-3.0,998.0,-1.0,997.5,12.0,998.5,1.0,-0.1503090982286448,6.194717927476123,8.386391307804523,998.0,999.0,0.0,998.5,-1.0,997.5,3.0,0.0,3.0,0.5,0.0,0.0,0.1666666666666666,0.0,0.0,-0.1666666666666666,-0.0,-0.0,False
132,3,-2.0,lots,1,symmetric,True,sell,0,1,-3.0,998.0,-1.0,997.5,12.0,998.5,1.0,-0.1503090982286448,6.194717927476123,8.386391307804523,998.0,999.0,-1.0,998.0,-1.0,997.5,3.0,1.0,2.0,0.0,0.0,0.0,0.0,0.0,0.0,-0.0,-0.0,-0.0,False
132,3,-1.0,lots,1,symmetric,True,sell,0,1,-3.0,998.0,-1.0,997.5,12.0,998.5,1.0,-0.1503090982286448,6.194717927476123,8.386391307804523,998.0,999.0,-2.0,998.0,-1.0,997.5,3.0,2.0,1.0,0.0,0.0,0.0,0.0,0.0,0.0,-0.0,-0.0,-0.0,False
132,3,1.0,lots,1,symmetric,True,sell,0,1,-3.0,998.0,-1.0,997.5,12.0,998.5,1.0,-0.1503090982286448,6.194717927476123,8.386391307804523,998.0,999.0,-4.0,998.0,-1.0,997.5,3.0,4.0,-1.0,0.0,0.0,0.0,-0.0,-0.0,-0.0,0.0,0.0,0.0,False
132,3,2.0,lots,1,symmetric,True,sell,0,1,-3.0,998.0,-1.0,997.5,12.0,998.5,1.0,-0.1503090982286448,6.194717927476123,8.386391307804523,998.0,999.0,-5.0,998.0,-1.0,997.5,3.0,5.0,-2.0,0.0,0.0,0.0,-0.0,-0.0,-0.0,0.0,0.0,0.0,False
132,3,3.0,lots,1,symmetric,True,sell,0,1,-3.0,998.0,-1.0,997.5,12.0,998.5,1.0,-0.1503090982286448,6.194717927476123,8.386391307804523,998.0,999.0,-6.0,998.0,-1.0,997.5,3.0,6.0,-3.0,0.0,0.0,0.0,-0.0,-0.0,-0.0,0.0,0.0,0.0,False
133,3,-3.0,lots,1,symmetric,True,sell,0,1,-6.0,997.5,0.0,997.5,10.0,997.5,1.0,0.2454410799743686,8.944420378963745,5.419037712763601,997.0,998.0,-5.0,997.5,0.0,997.5,3.0,0.0,1.0,0.0,0.0,0.0,0.0,0.0,0.0,-0.0,-0.0,-0.0,False
140,2,-3.0,lots,1,symmetric,True,sell,0,1,-3.0,998.5,-1.0,997.5,14.0,998.5,1.0,-0.1273062777095619,8.079257822970526,10.436419823400117,998.0,999.0,-1.0,998.5,-1.0,997.5,3.0,0.0,2.0,0.0,0.0,0.0,0.0,0.0,0.0,-0.0,-0.0,-0.0,False
140,2,-2.0,lots,1,symmetric,True,sell,0,1,-3.0,998.5,-1.0,997.5,14.0,998.5,1.0,-0.1273062777095619,8.079257822970526,10.436419823400117,998.0,999.0,-2.0,998.5,-1.0,997.5,3.0,1.0,1.0,0.0,0.0,0.0,0.0,0.0,0.0,-0.0,-0.0,-0.0,False
140,2,-1.0,lots,1,symmetric,True,sell,0,1,-3.0,998.5,-1.0,997.5,14.0,998.5,1.0,-0.1273062777095619,8.079257822970526,10.436419823400117,998.0,999.0,-2.0,998.5,-1.0,997.5,3.0,2.0,1.0,0.0,0.0,0.0,0.0,0.0,0.0,-0.0,-0.0,-0.0,False
140,2,1.0,lots,1,symmetric,True,sell,0,1,-3.0,998.5,-1.0,997.5,14.0,998.5,1.0,-0.1273062777095619,8.079257822970526,10.436419823400117,998.0,999.0,-4.0,998.5,-1.0,997.5,3.0,4.0,-1.0,0.0,0.0,0.0,-0.0,-0.0,-0.0,0.0,0.0,0.0,False
140,2,2.0,lots,1,symmetric,True,sell,0,1,-3.0,998.5,-1.0,997.5,14.0,998.5,1.0,-0.1273062777095619,8.079257822970526,10.436419823400117,998.0,999.0,-5.0,998.5,-1.0,997.5,3.0,5.0,-2.0,0.0,0.0,0.0,-0.0,-0.0,-0.0,0.0,0.0,0.0,False
140,2,3.0,lots,1,symmetric,True,sell,0,1,-3.0,998.5,-1.0,997.5,14.0,998.5,1.0,-0.1273062777095619,8.079257822970526,10.436419823400117,998.0,999.0,-6.0,998.0,-1.0,997.5,3.0,6.0,-3.0,-0.5,0.0,0.0,0.1666666666666666,-0.0,-0.0,-0.1666666666666666,0.0,0.0,False
146,2,-3.0,lots,1,symmetric,True,sell,0,2,-3.0,997.5,-1.0,996.5,16.0,997.5,1.0,-0.0144601343268415,9.00911068338332,9.273479391711774,997.0,998.0,0.0,997.5,-1.0,996.5,3.0,0.0,3.0,0.0,0.0,0.0,0.0,0.0,0.0,-0.0,-0.0,-0.0,False
146,2,-2.0,lots,1,symmetric,True,sell,0,2,-3.0,997.5,-1.0,996.5,16.0,997.5,1.0,-0.0144601343268415,9.00911068338332,9.273479391711774,997.0,998.0,-1.0,997.5,-1.0,996.5,3.0,1.0,2.0,0.0,0.0,0.0,0.0,0.0,0.0,-0.0,-0.0,-0.0,False
146,2,-1.0,lots,1,symmetric,True,sell,0,2,-3.0,997.5,-1.0,996.5,16.0,997.5,1.0,-0.0144601343268415,9.00911068338332,9.273479391711774,997.0,998.0,-2.0,997.5,-1.0,996.5,3.0,2.0,1.0,0.0,0.0,0.0,0.0,0.0,0.0,-0.0,-0.0,-0.0,False
146,2,1.0,lots,1,symmetric,True,sell,0,2,-3.0,997.5,-1.0,996.5,16.0,997.5,1.0,-0.0144601343268415,9.00911068338332,9.273479391711774,997.0,998.0,-4.0,997.5,-1.0,996.5,3.0,4.0,-1.0,0.0,0.0,0.0,-0.0,-0.0,-0.0,0.0,0.0,0.0,False
146,2,2.0,lots,1,symmetric,True,sell,0,2,-3.0,997.5,-1.0,996.5,16.0,997.5,1.0,-0.0144601343268415,9.00911068338332,9.273479391711774,997.0,998.0,-5.0,997.5,-1.0,996.5,3.0,5.0,-2.0,0.0,0.0,0.0,-0.0,-0.0,-0.0,0.0,0.0,0.0,False
146,2,3.0,lots,1,symmetric,True,sell,0,2,-3.0,997.5,-1.0,996.5,16.0,997.5,1.0,-0.0144601343268415,9.00911068338332,9.273479391711774,997.0,998.0,-6.0,997.5,-1.0,996.5,3.0,6.0,-3.0,0.0,0.0,0.0,-0.0,-0.0,-0.0,0.0,0.0,0.0,False
151,3,-3.0,lots,1,symmetric,True,sell,0,1,-3.0,998.0,-1.0,997.5,11.0,998.5,1.0,-0.0671986853887313,7.808116291210447,8.93310430722828,998.0,999.0,0.0,998.5,-1.0,997.5,3.0,0.0,3.0,0.5,0.0,0.0,0.1666666666666666,0.0,0.0,-0.1666666666666666,-0.0,-0.0,False
151,3,-2.0,lots,1,symmetric,True,sell,0,1,-3.0,998.0,-1.0,997.5,11.0,998.5,1.0,-0.0671986853887313,7.808116291210447,8.93310430722828,998.0,999.0,-1.0,998.0,-1.0,997.5,3.0,1.0,2.0,0.0,0.0,0.0,0.0,0.0,0.0,-0.0,-0.0,-0.0,False
151,3,-1.0,lots,1,symmetric,True,sell,0,1,-3.0,998.0,-1.0,997.5,11.0,998.5,1.0,-0.0671986853887313,7.808116291210447,8.93310430722828,998.0,999.0,-2.0,998.0,-1.0,997.5,3.0,2.0,1.0,0.0,0.0,0.0,0.0,0.0,0.0,-0.0,-0.0,-0.0,False
151,3,1.0,lots,1,symmetric,True,sell,0,1,-3.0,998.0,-1.0,997.5,11.0,998.5,1.0,-0.0671986853887313,7.808116291210447,8.93310430722828,998.0,999.0,-4.0,998.0,-1.0,997.5,3.0,4.0,-1.0,0.0,0.0,0.0,-0.0,-0.0,-0.0,0.0,0.0,0.0,False
151,3,2.0,lots,1,symmetric,True,sell,0,1,-3.0,998.0,-1.0,997.5,11.0,998.5,1.0,-0.0671986853887313,7.808116291210447,8.93310430722828,998.0,999.0,-5.0,998.0,-1.0,997.5,3.0,5.0,-2.0,0.0,0.0,0.0,-0.0,-0.0,-0.0,0.0,0.0,0.0,False
151,3,3.0,lots,1,symmetric,True,sell,0,1,-3.0,998.0,-1.0,997.5,11.0,998.5,1.0,-0.0671986853887313,7.808116291210447,8.93310430722828,998.0,999.0,-6.0,998.0,-1.0,997.5,3.0,6.0,-3.0,0.0,0.0,0.0,-0.0,-0.0,-0.0,0.0,0.0,0.0,False
156,2,-3.0,lots,1,symmetric,True,sell,0,2,-3.0,998.5,-1.0,997.5,14.0,998.5,1.0,0.0294364422745903,8.329339685288776,7.852989486747705,998.0,999.0,0.0,998.5,0.0,998.5,3.0,0.0,3.0,0.0,1.0,1.0,0.0,0.3333333333333333,0.3333333333333333,-0.0,-0.3333333333333333,-0.3333333333333333,False
156,2,-2.0,lots,1,symmetric,True,sell,0,2,-3.0,998.5,-1.0,997.5,14.0,998.5,1.0,0.0294364422745903,8.329339685288776,7.852989486747705,998.0,999.0,-1.0,998.5,0.0,998.5,3.0,1.0,2.0,0.0,1.0,1.0,0.0,0.5,0.5,-0.0,-0.5,-0.5,False
156,2,-1.0,lots,1,symmetric,True,sell,0,2,-3.0,998.5,-1.0,997.5,14.0,998.5,1.0,0.0294364422745903,8.329339685288776,7.852989486747705,998.0,999.0,-2.0,998.5,-0.5,998.0,3.0,2.0,1.0,0.0,0.5,0.5,0.0,0.5,0.5,-0.0,-0.5,-0.5,False
156,2,1.0,lots,1,symmetric,True,sell,0,2,-3.0,998.5,-1.0,997.5,14.0,998.5,1.0,0.0294364422745903,8.329339685288776,7.852989486747705,998.0,999.0,-4.0,998.5,-1.0,997.5,3.0,4.0,-1.0,0.0,0.0,0.0,-0.0,-0.0,-0.0,0.0,0.0,0.0,False
156,2,2.0,lots,1,symmetric,True,sell,0,2,-3.0,998.5,-1.0,997.5,14.0,998.5,1.0,0.0294364422745903,8.329339685288776,7.852989486747705,998.0,999.0,-5.0,998.5,-1.0,997.5,3.0,5.0,-2.0,0.0,0.0,0.0,-0.0,-0.0,-0.0,0.0,0.0,0.0,False
156,2,3.0,lots,1,symmetric,True,sell,0,2,-3.0,998.5,-1.0,997.5,14.0,998.5,1.0,0.0294364422745903,8.329339685288776,7.852989486747705,998.0,999.0,-6.0,998.5,-1.0,997.5,3.0,6.0,-3.0,0.0,0.0,0.0,-0.0,-0.0,-0.0,0.0,0.0,0.0,False
161,2,-3.0,lots,1,symmetric,True,sell,0,2,-6.0,998.5,0.0,998.5,16.0,998.5,1.0,-0.2091684796954457,6.987948961333964,10.68445984362328,998.0,999.0,-3.0,998.5,0.0,998.5,4.0,1.0,3.0,0.0,0.0,0.0,0.0,0.0,0.0,-0.0,-0.0,-0.0,False
161,2,-2.0,lots,1,symmetric,True,sell,0,2,-6.0,998.5,0.0,998.5,16.0,998.5,1.0,-0.2091684796954457,6.987948961333964,10.68445984362328,998.0,999.0,-4.0,998.5,0.0,998.5,4.0,2.0,2.0,0.0,0.0,0.0,0.0,0.0,0.0,-0.0,-0.0,-0.0,False
161,2,-1.0,lots,1,symmetric,True,sell,0,2,-6.0,998.5,0.0,998.5,16.0,998.5,1.0,-0.2091684796954457,6.987948961333964,10.68445984362328,998.0,999.0,-3.0,998.5,-1.0,997.5,4.0,3.0,3.0,0.0,-1.0,-1.0,0.0,-0.3333333333333333,-0.3333333333333333,-0.0,1.0,1.0,False
161,2,1.0,lots,1,symmetric,True,sell,0,2,-6.0,998.5,0.0,998.5,16.0,998.5,1.0,-0.2091684796954457,6.987948961333964,10.68445984362328,998.0,999.0,-7.0,998.0,0.0,998.5,4.0,5.0,-1.0,-0.5,0.0,0.0,0.5,-0.0,-0.0,-0.5,0.0,0.0,False
161,2,2.0,lots,1,symmetric,True,sell,0,2,-6.0,998.5,0.0,998.5,16.0,998.5,1.0,-0.2091684796954457,6.987948961333964,10.68445984362328,998.0,999.0,-8.0,998.0,0.0,998.5,4.0,6.0,-2.0,-0.5,0.0,0.0,0.25,-0.0,-0.0,-0.25,0.0,0.0,False
161,2,3.0,lots,1,symmetric,True,sell,0,2,-6.0,998.5,0.0,998.5,16.0,998.5,1.0,-0.2091684796954457,6.987948961333964,10.68445984362328,998.0,999.0,-9.0,998.0,0.0,998.5,4.0,7.0,-3.0,-0.5,0.0,0.0,0.1666666666666666,-0.0,-0.0,-0.1666666666666666,0.0,0.0,False
162,2,-3.0,lots,1,symmetric,True,sell,0,2,-9.0,997.5,0.0,997.5,15.0,997.5,1.0,0.2184951003906616,10.302004942255648,6.607385893953251,997.0,998.0,-6.0,997.5,0.0,997.5,3.0,0.0,3.0,0.0,0.0,0.0,0.0,0.0,0.0,-0.0,-0.0,-0.0,False
162,2,-2.0,lots,1,symmetric,True,sell,0,2,-9.0,997.5,0.0,997.5,15.0,997.5,1.0,0.2184951003906616,10.302004942255648,6.607385893953251,997.0,998.0,-7.0,997.5,0.0,997.5,3.0,1.0,2.0,0.0,0.0,0.0,0.0,0.0,0.0,-0.0,-0.0,-0.0,False
162,2,-1.0,lots,1,symmetric,True,sell,0,2,-9.0,997.5,0.0,997.5,15.0,997.5,1.0,0.2184951003906616,10.302004942255648,6.607385893953251,997.0,998.0,-8.0,997.5,0.0,997.5,3.0,2.0,1.0,0.0,0.0,0.0,0.0,0.0,0.0,-0.0,-0.0,-0.0,False
162,2,1.0,lots,1,symmetric,True,sell,0,2,-9.0,997.5,0.0,997.5,15.0,997.5,1.0,0.2184951003906616,10.302004942255648,6.607385893953251,997.0,998.0,-10.0,997.5,0.0,997.5,3.0,4.0,-1.0,0.0,0.0,0.0,-0.0,-0.0,-0.0,0.0,0.0,0.0,False
162,2,2.0,lots,1,symmetric,True,sell,0,2,-9.0,997.5,0.0,997.5,15.0,997.5,1.0,0.2184951003906616,10.302004942255648,6.607385893953251,997.0,998.0,-11.0,997.5,0.0,997.5,3.0,5.0,-2.0,0.0,0.0,0.0,-0.0,-0.0,-0.0,0.0,0.0,0.0,False
162,2,3.0,lots,1,symmetric,True,sell,0,2,-9.0,997.5,0.0,997.5,15.0,997.5,1.0,0.2184951003906616,10.302004942255648,6.607385893953251,997.0,998.0,-12.0,997.5,0.0,997.5,3.0,6.0,-3.0,0.0,0.0,0.0,-0.0,-0.0,-0.0,0.0,0.0,0.0,False
165,2,-3.0,lots,1,symmetric,True,sell,0,1,-8.0,999.0,-1.0,998.5,12.0,999.5,1.0,-0.2993580289708511,5.983788292494469,11.09708479224263,999.0,1000.0,-4.0,999.5,-1.0,998.5,4.0,1.0,4.0,0.5,0.0,0.0,0.125,0.0,0.0,-0.1666666666666666,-0.0,-0.0,False
165,2,-2.0,lots,1,symmetric,True,sell,0,1,-8.0,999.0,-1.0,998.5,12.0,999.5,1.0,-0.2993580289708511,5.983788292494469,11.09708479224263,999.0,1000.0,-6.0,999.0,-1.0,998.5,4.0,2.0,2.0,0.0,0.0,0.0,0.0,0.0,0.0,-0.0,-0.0,-0.0,False
165,2,-1.0,lots,1,symmetric,True,sell,0,1,-8.0,999.0,-1.0,998.5,12.0,999.5,1.0,-0.2993580289708511,5.983788292494469,11.09708479224263,999.0,1000.0,-7.0,999.0,-1.0,998.5,4.0,3.0,1.0,0.0,0.0,0.0,0.0,0.0,0.0,-0.0,-0.0,-0.0,False
167,2,-3.0,lots,1,symmetric,True,sell,0,2,-3.0,998.5,-1.0,997.5,14.0,998.5,1.0,-0.0083648131414448,7.453975671104312,7.579729808262733,998.0,999.0,0.0,998.5,-1.0,997.5,3.0,0.0,3.0,0.0,0.0,0.0,0.0,0.0,0.0,-0.0,-0.0,-0.0,False
167,2,-2.0,lots,1,symmetric,True,sell,0,2,-3.0,998.5,-1.0,997.5,14.0,998.5,1.0,-0.0083648131414448,7.453975671104312,7.579729808262733,998.0,999.0,-1.0,998.5,-1.0,997.5,3.0,1.0,2.0,0.0,0.0,0.0,0.0,0.0,0.0,-0.0,-0.0,-0.0,False
167,2,-1.0,lots,1,symmetric,True,sell,0,2,-3.0,998.5,-1.0,997.5,14.0,998.5,1.0,-0.0083648131414448,7.453975671104312,7.579729808262733,998.0,999.0,-2.0,998.5,-1.0,997.5,3.0,2.0,1.0,0.0,0.0,0.0,0.0,0.0,0.0,-0.0,-0.0,-0.0,False
167,2,1.0,lots,1,symmetric,True,sell,0,2,-3.0,998.5,-1.0,997.5,14.0,998.5,1.0,-0.0083648131414448,7.453975671104312,7.579729808262733,998.0,999.0,-4.0,998.5,-1.0,997.5,3.0,4.0,-1.0,0.0,0.0,0.0,-0.0,-0.0,-0.0,0.0,0.0,0.0,False
167,2,2.0,lots,1,symmetric,True,sell,0,2,-3.0,998.5,-1.0,997.5,14.0,998.5,1.0,-0.0083648131414448,7.453975671104312,7.579729808262733,998.0,999.0,-5.0,998.5,-1.0,997.5,3.0,5.0,-2.0,0.0,0.0,0.0,-0.0,-0.0,-0.0,0.0,0.0,0.0,False
167,2,3.0,lots,1,symmetric,True,sell,0,2,-3.0,998.5,-1.0,997.5,14.0,998.5,1.0,-0.0083648131414448,7.453975671104312,7.579729808262733,998.0,999.0,-6.0,998.5,-1.0,997.5,3.0,6.0,-3.0,0.0,0.0,0.0,-0.0,-0.0,-0.0,0.0,0.0,0.0,False
169,2,-3.0,lots,1,symmetric,True,sell,0,1,-3.0,998.0,0.0,998.5,12.0,998.5,1.0,-0.1696282682413916,5.7454631983341375,8.092828686111567,998.0,999.0,0.0,998.5,0.0,998.5,3.0,0.0,3.0,0.5,0.0,0.0,0.1666666666666666,0.0,0.0,-0.1666666666666666,-0.0,-0.0,False
169,2,-2.0,lots,1,symmetric,True,sell,0,1,-3.0,998.0,0.0,998.5,12.0,998.5,1.0,-0.1696282682413916,5.7454631983341375,8.092828686111567,998.0,999.0,-1.0,998.5,0.0,998.5,3.0,1.0,2.0,0.5,0.0,0.0,0.25,0.0,0.0,-0.25,-0.0,-0.0,False
169,2,-1.0,lots,1,symmetric,True,sell,0,1,-3.0,998.0,0.0,998.5,12.0,998.5,1.0,-0.1696282682413916,5.7454631983341375,8.092828686111567,998.0,999.0,-2.0,998.0,0.0,998.5,3.0,2.0,1.0,0.0,0.0,0.0,0.0,0.0,0.0,-0.0,-0.0,-0.0,False
169,2,1.0,lots,1,symmetric,True,sell,0,1,-3.0,998.0,0.0,998.5,12.0,998.5,1.0,-0.1696282682413916,5.7454631983341375,8.092828686111567,998.0,999.0,-4.0,998.0,0.0,998.5,3.0,4.0,-1.0,0.0,0.0,0.0,-0.0,-0.0,-0.0,0.0,0.0,0.0,False
169,2,2.0,lots,1,symmetric,True,sell,0,1,-3.0,998.0,0.0,998.5,12.0,998.5,1.0,-0.1696282682413916,5.7454631983341375,8.092828686111567,998.0,999.0,-5.0,998.0,0.0,998.5,3.0,5.0,-2.0,0.0,0.0,0.0,-0.0,-0.0,-0.0,0.0,0.0,0.0,False
169,2,3.0,lots,1,symmetric,True,sell,0,1,-3.0,998.0,0.0,998.5,12.0,998.5,1.0,-0.1696282682413916,5.7454631983341375,8.092828686111567,998.0,999.0,-6.0,998.0,0.0,998.5,3.0,6.0,-3.0,0.0,0.0,0.0,-0.0,-0.0,-0.0,0.0,0.0,0.0,False
171,2,-3.0,lots,1,symmetric,True,sell,0,1,-3.0,998.0,-1.0,997.5,12.0,998.5,1.0,-0.2144661329695392,6.415830175190802,9.919124801211291,998.0,999.0,0.0,998.5,-1.0,997.5,3.0,0.0,3.0,0.5,0.0,0.0,0.1666666666666666,0.0,0.0,-0.1666666666666666,-0.0,-0.0,False
171,2,-2.0,lots,1,symmetric,True,sell,0,1,-3.0,998.0,-1.0,997.5,12.0,998.5,1.0,-0.2144661329695392,6.415830175190802,9.919124801211291,998.0,999.0,-1.0,998.5,-1.0,997.5,3.0,1.0,2.0,0.5,0.0,0.0,0.25,0.0,0.0,-0.25,-0.0,-0.0,False
171,2,-1.0,lots,1,symmetric,True,sell,0,1,-3.0,998.0,-1.0,997.5,12.0,998.5,1.0,-0.2144661329695392,6.415830175190802,9.919124801211291,998.0,999.0,-2.0,998.5,-1.0,997.5,3.0,2.0,1.0,0.5,0.0,0.0,0.5,0.0,0.0,-0.5,-0.0,-0.0,False
171,2,1.0,lots,1,symmetric,True,sell,0,1,-3.0,998.0,-1.0,997.5,12.0,998.5,1.0,-0.2144661329695392,6.415830175190802,9.919124801211291,998.0,999.0,-4.0,998.0,-1.0,997.5,3.0,4.0,-1.0,0.0,0.0,0.0,-0.0,-0.0,-0.0,0.0,0.0,0.0,False
171,2,2.0,lots,1,symmetric,True,sell,0,1,-3.0,998.0,-1.0,997.5,12.0,998.5,1.0,-0.2144661329695392,6.415830175190802,9.919124801211291,998.0,999.0,-5.0,998.0,-1.0,997.5,3.0,5.0,-2.0,0.0,0.0,0.0,-0.0,-0.0,-0.0,0.0,0.0,0.0,False
171,2,3.0,lots,1,symmetric,True,sell,0,1,-3.0,998.0,-1.0,997.5,12.0,998.5,1.0,-0.2144661329695392,6.415830175190802,9.919124801211291,998.0,999.0,-6.0,998.0,-1.0,997.5,3.0,6.0,-3.0,0.0,0.0,0.0,-0.0,-0.0,-0.0,0.0,0.0,0.0,False
178,2,-3.0,lots,1,symmetric,True,sell,0,1,-3.0,998.5,0.0,998.5,13.0,998.5,1.0,0.1709415141910998,9.452470967186356,6.69260690840034,998.0,999.0,0.0,998.5,0.0,998.5,3.0,0.0,3.0,0.0,0.0,0.0,0.0,0.0,0.0,-0.0,-0.0,-0.0,False
178,2,-2.0,lots,1,symmetric,True,sell,0,1,-3.0,998.5,0.0,998.5,13.0,998.5,1.0,0.1709415141910998,9.452470967186356,6.69260690840034,998.0,999.0,-1.0,998.5,0.0,998.5,3.0,1.0,2.0,0.0,0.0,0.0,0.0,0.0,0.0,-0.0,-0.0,-0.0,False
178,2,-1.0,lots,1,symmetric,True,sell,0,1,-3.0,998.5,0.0,998.5,13.0,998.5,1.0,0.1709415141910998,9.452470967186356,6.69260690840034,998.0,999.0,-2.0,998.5,0.0,998.5,3.0,2.0,1.0,0.0,0.0,0.0,0.0,0.0,0.0,-0.0,-0.0,-0.0,False
178,2,1.0,lots,1,symmetric,True,sell,0,1,-3.0,998.5,0.0,998.5,13.0,998.5,1.0,0.1709415141910998,9.452470967186356,6.69260690840034,998.0,999.0,-4.0,998.5,0.0,998.5,3.0,4.0,-1.0,0.0,0.0,0.0,-0.0,-0.0,-0.0,0.0,0.0,0.0,False
178,2,2.0,lots,1,symmetric,True,sell,0,1,-3.0,998.5,0.0,998.5,13.0,998.5,1.0,0.1709415141910998,9.452470967186356,6.69260690840034,998.0,999.0,-5.0,998.5,0.0,998.5,3.0,5.0,-2.0,0.0,0.0,0.0,-0.0,-0.0,-0.0,0.0,0.0,0.0,False
178,2,3.0,lots,1,symmetric,True,sell,0,1,-3.0,998.5,0.0,998.5,13.0,998.5,1.0,0.1709415141910998,9.452470967186356,6.69260690840034,998.0,999.0,-6.0,998.5,0.0,998.5,3.0,6.0,-3.0,0.0,0.0,0.0,-0.0,-0.0,-0.0,0.0,0.0,0.0,False
182,2,-3.0,lots,1,symmetric,True,sell,0,2,-6.0,998.5,-1.0,997.5,15.0,998.5,1.0,-0.081635863890917,7.616965595614058,8.971150808594736,998.0,999.0,-3.0,998.5,-1.0,997.5,3.0,0.0,3.0,0.0,0.0,0.0,0.0,0.0,0.0,-0.0,-0.0,-0.0,False
182,2,-2.0,lots,1,symmetric,True,sell,0,2,-6.0,998.5,-1.0,997.5,15.0,998.5,1.0,-0.081635863890917,7.616965595614058,8.971150808594736,998.0,999.0,-3.0,998.5,-1.0,997.5,3.0,1.0,3.0,0.0,0.0,0.0,0.0,0.0,0.0,-0.0,-0.0,-0.0,False
182,2,-1.0,lots,1,symmetric,True,sell,0,2,-6.0,998.5,-1.0,997.5,15.0,998.5,1.0,-0.081635863890917,7.616965595614058,8.971150808594736,998.0,999.0,-4.0,998.5,-1.0,997.5,3.0,2.0,2.0,0.0,0.0,0.0,0.0,0.0,0.0,-0.0,-0.0,-0.0,False
182,2,1.0,lots,1,symmetric,True,sell,0,2,-6.0,998.5,-1.0,997.5,15.0,998.5,1.0,-0.081635863890917,7.616965595614058,8.971150808594736,998.0,999.0,-7.0,998.5,-1.0,997.5,3.0,4.0,-1.0,0.0,0.0,0.0,-0.0,-0.0,-0.0,0.0,0.0,0.0,False
182,2,2.0,lots,1,symmetric,True,sell,0,2,-6.0,998.5,-1.0,997.5,15.0,998.5,1.0,-0.081635863890917,7.616965595614058,8.971150808594736,998.0,999.0,-8.0,998.5,-1.0,997.5,3.0,5.0,-2.0,0.0,0.0,0.0,-0.0,-0.0,-0.0,0.0,0.0,0.0,False
182,2,3.0,lots,1,symmetric,True,sell,0,2,-6.0,998.5,-1.0,997.5,15.0,998.5,1.0,-0.081635863890917,7.616965595614058,8.971150808594736,998.0,999.0,-8.0,998.0,-1.0,997.5,3.0,6.0,-2.0,-0.5,0.0,0.0,0.25,-0.0,-0.0,-0.1666666666666666,0.0,0.0,False
187,2,-3.0,lots,1,symmetric,True,sell,0,1,-3.0,998.0,-1.0,997.5,11.0,998.5,1.0,-0.2233260477966311,6.46442680811688,10.182009678590983,998.0,999.0,0.0,998.5,-1.0,997.5,3.0,0.0,3.0,0.5,0.0,0.0,0.1666666666666666,0.0,0.0,-0.1666666666666666,-0.0,-0.0,False
187,2,-2.0,lots,1,symmetric,True,sell,0,1,-3.0,998.0,-1.0,997.5,11.0,998.5,1.0,-0.2233260477966311,6.46442680811688,10.182009678590983,998.0,999.0,-1.0,998.0,-1.0,997.5,3.0,1.0,2.0,0.0,0.0,0.0,0.0,0.0,0.0,-0.0,-0.0,-0.0,False
187,2,-1.0,lots,1,symmetric,True,sell,0,1,-3.0,998.0,-1.0,997.5,11.0,998.5,1.0,-0.2233260477966311,6.46442680811688,10.182009678590983,998.0,999.0,-2.0,998.0,-1.0,997.5,3.0,2.0,1.0,0.0,0.0,0.0,0.0,0.0,0.0,-0.0,-0.0,-0.0,False
187,2,1.0,lots,1,symmetric,True,sell,0,1,-3.0,998.0,-1.0,997.5,11.0,998.5,1.0,-0.2233260477966311,6.46442680811688,10.182009678590983,998.0,999.0,-4.0,998.0,-1.0,997.5,3.0,4.0,-1.0,0.0,0.0,0.0,-0.0,-0.0,-0.0,0.0,0.0,0.0,False
187,2,2.0,lots,1,symmetric,True,sell,0,1,-3.0,998.0,-1.0,997.5,11.0,998.5,1.0,-0.2233260477966311,6.46442680811688,10.182009678590983,998.0,999.0,-5.0,998.0,-1.0,997.5,3.0,5.0,-2.0,0.0,0.0,0.0,-0.0,-0.0,-0.0,0.0,0.0,0.0,False
187,2,3.0,lots,1,symmetric,True,sell,0,1,-3.0,998.0,-1.0,997.5,11.0,998.5,1.0,-0.2233260477966311,6.46442680811688,10.182009678590983,998.0,999.0,-6.0,998.0,-1.0,997.5,3.0,6.0,-3.0,0.0,0.0,0.0,-0.0,-0.0,-0.0,0.0,0.0,0.0,False
192,2,-3.0,lots,1,symmetric,True,sell,0,2,-3.0,998.0,-1.0,997.5,15.0,998.5,1.0,0.1832744839217938,7.3769775071218255,5.091773585476554,998.0,999.0,0.0,998.5,-1.0,997.5,3.0,0.0,3.0,0.5,0.0,0.0,0.1666666666666666,0.0,0.0,-0.1666666666666666,-0.0,-0.0,False
192,2,-2.0,lots,1,symmetric,True,sell,0,2,-3.0,998.0,-1.0,997.5,15.0,998.5,1.0,0.1832744839217938,7.3769775071218255,5.091773585476554,998.0,999.0,-1.0,998.5,-1.0,997.5,3.0,1.0,2.0,0.5,0.0,0.0,0.25,0.0,0.0,-0.25,-0.0,-0.0,False
192,2,-1.0,lots,1,symmetric,True,sell,0,2,-3.0,998.0,-1.0,997.5,15.0,998.5,1.0,0.1832744839217938,7.3769775071218255,5.091773585476554,998.0,999.0,-2.0,998.0,-1.0,997.5,3.0,2.0,1.0,0.0,0.0,0.0,0.0,0.0,0.0,-0.0,-0.0,-0.0,False
192,2,1.0,lots,1,symmetric,True,sell,0,2,-3.0,998.0,-1.0,997.5,15.0,998.5,1.0,0.1832744839217938,7.3769775071218255,5.091773585476554,998.0,999.0,-4.0,998.0,-1.0,997.5,3.0,4.0,-1.0,0.0,0.0,0.0,-0.0,-0.0,-0.0,0.0,0.0,0.0,False
192,2,2.0,lots,1,symmetric,True,sell,0,2,-3.0,998.0,-1.0,997.5,15.0,998.5,1.0,0.1832744839217938,7.3769775071218255,5.091773585476554,998.0,999.0,-5.0,998.0,-1.0,997.5,3.0,5.0,-2.0,0.0,0.0,0.0,-0.0,-0.0,-0.0,0.0,0.0,0.0,False
192,2,3.0,lots,1,symmetric,True,sell,0,2,-3.0,998.0,-1.0,997.5,15.0,998.5,1.0,0.1832744839217938,7.3769775071218255,5.091773585476554,998.0,999.0,-6.0,998.0,-1.0,997.5,3.0,6.0,-3.0,0.0,0.0,0.0,-0.0,-0.0,-0.0,0.0,0.0,0.0,False
193,2,-3.0,lots,1,symmetric,True,sell,0,1,-8.0,998.5,0.0,998.5,14.0,998.5,1.0,-0.0057500748472376,8.204190926691169,8.29908600426888,998.0,999.0,-7.0,998.5,0.0,998.5,3.0,0.0,1.0,0.0,0.0,0.0,0.0,0.0,0.0,-0.0,-0.0,-0.0,False
194,4,-3.0,lots,1,symmetric,True,sell,0,1,-3.0,997.0,-1.0,996.5,9.0,997.5,1.0,-0.2743348895036006,6.162152474459669,10.821308312967137,997.0,998.0,0.0,997.5,-1.0,996.5,3.0,0.0,3.0,0.5,0.0,0.0,0.1666666666666666,0.0,0.0,-0.1666666666666666,-0.0,-0.0,False
194,4,-2.0,lots,1,symmetric,True,sell,0,1,-3.0,997.0,-1.0,996.5,9.0,997.5,1.0,-0.2743348895036006,6.162152474459669,10.821308312967137,997.0,998.0,-1.0,997.0,-1.0,996.5,3.0,1.0,2.0,0.0,0.0,0.0,0.0,0.0,0.0,-0.0,-0.0,-0.0,False
194,4,-1.0,lots,1,symmetric,True,sell,0,1,-3.0,997.0,-1.0,996.5,9.0,997.5,1.0,-0.2743348895036006,6.162152474459669,10.821308312967137,997.0,998.0,-2.0,997.0,-1.0,996.5,3.0,2.0,1.0,0.0,0.0,0.0,0.0,0.0,0.0,-0.0,-0.0,-0.0,False
194,4,1.0,lots,1,symmetric,True,sell,0,1,-3.0,997.0,-1.0,996.5,9.0,997.5,1.0,-0.2743348895036006,6.162152474459669,10.821308312967137,997.0,998.0,-4.0,997.0,-1.0,996.5,3.0,4.0,-1.0,0.0,0.0,0.0,-0.0,-0.0,-0.0,0.0,0.0,0.0,False
194,4,2.0,lots,1,symmetric,True,sell,0,1,-3.0,997.0,-1.0,996.5,9.0,997.5,1.0,-0.2743348895036006,6.162152474459669,10.821308312967137,997.0,998.0,-5.0,997.0,-1.0,996.5,3.0,5.0,-2.0,0.0,0.0,0.0,-0.0,-0.0,-0.0,0.0,0.0,0.0,False
194,4,3.0,lots,1,symmetric,True,sell,0,1,-3.0,997.0,-1.0,996.5,9.0,997.5,1.0,-0.2743348895036006,6.162152474459669,10.821308312967137,997.0,998.0,-6.0,997.0,-1.0,996.5,3.0,6.0,-3.0,0.0,0.0,0.0,-0.0,-0.0,-0.0,0.0,0.0,0.0,False
197,2,-3.0,lots,1,symmetric,True,sell,0,2,-8.0,998.5,0.0,998.5,14.0,998.5,1.0,0.2065238598983345,11.391737530947308,7.491830228594904,998.0,999.0,-5.0,998.5,0.0,998.5,3.0,0.0,3.0,0.0,0.0,0.0,0.0,0.0,0.0,-0.0,-0.0,-0.0,False
197,2,-2.0,lots,1,symmetric,True,sell,0,2,-8.0,998.5,0.0,998.5,14.0,998.5,1.0,0.2065238598983345,11.391737530947308,7.491830228594904,998.0,999.0,-6.0,998.5,0.0,998.5,3.0,1.0,2.0,0.0,0.0,0.0,0.0,0.0,0.0,-0.0,-0.0,-0.0,False
197,2,-1.0,lots,1,symmetric,True,sell,0,2,-8.0,998.5,0.0,998.5,14.0,998.5,1.0,0.2065238598983345,11.391737530947308,7.491830228594904,998.0,999.0,-7.0,998.5,0.0,998.5,3.0,2.0,1.0,0.0,0.0,0.0,0.0,0.0,0.0,-0.0,-0.0,-0.0,False
197,2,1.0,lots,1,symmetric,True,sell,0,2,-8.0,998.5,0.0,998.5,14.0,998.5,1.0,0.2065238598983345,11.391737530947308,7.491830228594904,998.0,999.0,-9.0,998.5,0.0,998.5,3.0,4.0,-1.0,0.0,0.0,0.0,-0.0,-0.0,-0.0,0.0,0.0,0.0,False
197,2,2.0,lots,1,symmetric,True,sell,0,2,-8.0,998.5,0.0,998.5,14.0,998.5,1.0,0.2065238598983345,11.391737530947308,7.491830228594904,998.0,999.0,-10.0,998.5,0.0,998.5,3.0,5.0,-2.0,0.0,0.0,0.0,-0.0,-0.0,-0.0,0.0,0.0,0.0,False
197,2,3.0,lots,1,symmetric,True,sell,0,2,-8.0,998.5,0.0,998.5,14.0,998.5,1.0,0.2065238598983345,11.391737530947308,7.491830228594904,998.0,999.0,-11.0,998.5,0.0,998.5,3.0,6.0,-3.0,0.0,0.0,0.0,-0.0,-0.0,-0.0,0.0,0.0,0.0,False
204,2,-3.0,lots,1,symmetric,True,sell,0,1,-8.0,998.5,-0.5,998.5,14.0,999.0,2.0,0.0514245129330399,5.726281854258673,5.166144152216509,998.0,1000.0,-7.0,998.5,-0.5,998.5,3.0,0.0,1.0,0.0,0.0,0.0,0.0,0.0,0.0,-0.0,-0.0,-0.0,False
208,3,-3.0,lots,1,symmetric,True,sell,0,1,-6.0,997.5,-0.5,997.5,10.0,998.0,2.0,-0.0764143440425413,5.385314837670964,6.276440199198118,997.0,999.0,-4.0,997.5,-0.5,997.5,3.0,0.0,2.0,0.0,0.0,0.0,0.0,0.0,0.0,-0.0,-0.0,-0.0,False
208,3,-2.0,lots,1,symmetric,True,sell,0,1,-6.0,997.5,-0.5,997.5,10.0,998.0,2.0,-0.0764143440425413,5.385314837670964,6.276440199198118,997.0,999.0,-5.0,997.5,-0.5,997.5,3.0,1.0,1.0,0.0,0.0,0.0,0.0,0.0,0.0,-0.0,-0.0,-0.0,False
208,3,3.0,lots,1,symmetric,True,sell,0,1,-6.0,997.5,-0.5,997.5,10.0,998.0,2.0,-0.0764143440425413,5.385314837670964,6.276440199198118,997.0,999.0,-7.0,998.0,-0.5,997.5,3.0,6.0,-1.0,0.5,0.0,0.0,-0.5,-0.0,-0.0,0.1666666666666666,0.0,0.0,False
209,4,-3.0,lots,1,symmetric,True,sell,0,1,-3.0,998.5,-1.0,997.5,9.0,998.5,1.0,-0.1812938767108488,8.33328949873712,12.02392846186182,998.0,999.0,0.0,998.5,-1.0,997.5,3.0,0.0,3.0,0.0,0.0,0.0,0.0,0.0,0.0,-0.0,-0.0,-0.0,False
209,4,-2.0,lots,1,symmetric,True,sell,0,1,-3.0,998.5,-1.0,997.5,9.0,998.5,1.0,-0.1812938767108488,8.33328949873712,12.02392846186182,998.0,999.0,-1.0,998.5,-1.0,997.5,3.0,1.0,2.0,0.0,0.0,0.0,0.0,0.0,0.0,-0.0,-0.0,-0.0,False
209,4,-1.0,lots,1,symmetric,True,sell,0,1,-3.0,998.5,-1.0,997.5,9.0,998.5,1.0,-0.1812938767108488,8.33328949873712,12.02392846186182,998.0,999.0,-2.0,998.5,-1.0,997.5,3.0,2.0,1.0,0.0,0.0,0.0,0.0,0.0,0.0,-0.0,-0.0,-0.0,False
209,4,1.0,lots,1,symmetric,True,sell,0,1,-3.0,998.5,-1.0,997.5,9.0,998.5,1.0,-0.1812938767108488,8.33328949873712,12.02392846186182,998.0,999.0,-4.0,998.5,-1.0,997.5,3.0,4.0,-1.0,0.0,0.0,0.0,-0.0,-0.0,-0.0,0.0,0.0,0.0,False
209,4,2.0,lots,1,symmetric,True,sell,0,1,-3.0,998.5,-1.0,997.5,9.0,998.5,1.0,-0.1812938767108488,8.33328949873712,12.02392846186182,998.0,999.0,-5.0,998.5,-1.0,997.5,3.0,5.0,-2.0,0.0,0.0,0.0,-0.0,-0.0,-0.0,0.0,0.0,0.0,False
209,4,3.0,lots,1,symmetric,True,sell,0,1,-3.0,998.5,-1.0,997.5,9.0,998.5,1.0,-0.1812938767108488,8.33328949873712,12.02392846186182,998.0,999.0,-6.0,998.5,-1.0,997.5,3.0,6.0,-3.0,0.0,0.0,0.0,-0.0,-0.0,-0.0,0.0,0.0,0.0,False
215,2,-3.0,lots,1,symmetric,True,sell,0,2,-8.0,998.5,0.0,998.5,14.0,998.5,1.0,-0.0635532406194699,7.642078909075504,8.679359191966833,998.0,999.0,-5.0,998.5,0.0,998.5,3.0,0.0,3.0,0.0,0.0,0.0,0.0,0.0,0.0,-0.0,-0.0,-0.0,False
215,2,-2.0,lots,1,symmetric,True,sell,0,2,-8.0,998.5,0.0,998.5,14.0,998.5,1.0,-0.0635532406194699,7.642078909075504,8.679359191966833,998.0,999.0,-6.0,998.5,0.0,998.5,3.0,1.0,2.0,0.0,0.0,0.0,0.0,0.0,0.0,-0.0,-0.0,-0.0,False
215,2,-1.0,lots,1,symmetric,True,sell,0,2,-8.0,998.5,0.0,998.5,14.0,998.5,1.0,-0.0635532406194699,7.642078909075504,8.679359191966833,998.0,999.0,-7.0,998.5,0.0,998.5,3.0,2.0,1.0,0.0,0.0,0.0,0.0,0.0,0.0,-0.0,-0.0,-0.0,False
215,2,1.0,lots,1,symmetric,True,sell,0,2,-8.0,998.5,0.0,998.5,14.0,998.5,1.0,-0.0635532406194699,7.642078909075504,8.679359191966833,998.0,999.0,-9.0,998.5,0.0,998.5,3.0,4.0,-1.0,0.0,0.0,0.0,-0.0,-0.0,-0.0,0.0,0.0,0.0,False
215,2,2.0,lots,1,symmetric,True,sell,0,2,-8.0,998.5,0.0,998.5,14.0,998.5,1.0,-0.0635532406194699,7.642078909075504,8.679359191966833,998.0,999.0,-10.0,998.5,0.0,998.5,3.0,5.0,-2.0,0.0,0.0,0.0,-0.0,-0.0,-0.0,0.0,0.0,0.0,False
215,2,3.0,lots,1,symmetric,True,sell,0,2,-8.0,998.5,0.0,998.5,14.0,998.5,1.0,-0.0635532406194699,7.642078909075504,8.679359191966833,998.0,999.0,-11.0,998.5,0.0,998.5,3.0,6.0,-3.0,0.0,0.0,0.0,-0.0,-0.0,-0.0,0.0,0.0,0.0,False
216,3,-3.0,lots,1,symmetric,True,sell,0,1,-3.0,997.5,0.0,997.5,11.0,997.5,1.0,0.1071264607809078,7.539704851382319,6.080608849844213,997.0,998.0,0.0,997.5,-1.0,996.5,3.0,0.0,3.0,0.0,-1.0,-1.0,0.0,-0.3333333333333333,-0.3333333333333333,-0.0,0.3333333333333333,0.3333333333333333,False
216,3,-2.0,lots,1,symmetric,True,sell,0,1,-3.0,997.5,0.0,997.5,11.0,997.5,1.0,0.1071264607809078,7.539704851382319,6.080608849844213,997.0,998.0,-1.0,997.5,0.0,997.5,3.0,1.0,2.0,0.0,0.0,0.0,0.0,0.0,0.0,-0.0,-0.0,-0.0,False
216,3,-1.0,lots,1,symmetric,True,sell,0,1,-3.0,997.5,0.0,997.5,11.0,997.5,1.0,0.1071264607809078,7.539704851382319,6.080608849844213,997.0,998.0,-2.0,997.5,0.0,997.5,3.0,2.0,1.0,0.0,0.0,0.0,0.0,0.0,0.0,-0.0,-0.0,-0.0,False
216,3,1.0,lots,1,symmetric,True,sell,0,1,-3.0,997.5,0.0,997.5,11.0,997.5,1.0,0.1071264607809078,7.539704851382319,6.080608849844213,997.0,998.0,-4.0,997.5,0.0,997.5,3.0,4.0,-1.0,0.0,0.0,0.0,-0.0,-0.0,-0.0,0.0,0.0,0.0,False
216,3,2.0,lots,1,symmetric,True,sell,0,1,-3.0,997.5,0.0,997.5,11.0,997.5,1.0,0.1071264607809078,7.539704851382319,6.080608849844213,997.0,998.0,-5.0,997.5,0.0,997.5,3.0,5.0,-2.0,0.0,0.0,0.0,-0.0,-0.0,-0.0,0.0,0.0,0.0,False
216,3,3.0,lots,1,symmetric,True,sell,0,1,-3.0,997.5,0.0,997.5,11.0,997.5,1.0,0.1071264607809078,7.539704851382319,6.080608849844213,997.0,998.0,-6.0,997.0,-1.0,996.5,3.0,6.0,-3.0,-0.5,-1.0,-1.0,0.1666666666666666,0.3333333333333333,0.3333333333333333,-0.1666666666666666,-0.3333333333333333,-0.3333333333333333,False
217,2,-3.0,lots,1,symmetric,True,sell,0,2,-8.0,998.5,-1.0,997.5,15.0,998.5,1.0,-0.0624352655935679,7.77941671849962,8.815526399587545,998.0,999.0,-5.0,998.5,-0.5,998.0,3.0,0.0,3.0,0.0,0.5,0.5,0.0,0.1666666666666666,0.1666666666666666,-0.0,-0.1666666666666666,-0.1666666666666666,False
217,2,-2.0,lots,1,symmetric,True,sell,0,2,-8.0,998.5,-1.0,997.5,15.0,998.5,1.0,-0.0624352655935679,7.77941671849962,8.815526399587545,998.0,999.0,-6.0,998.5,-0.5,998.0,3.0,1.0,2.0,0.0,0.5,0.5,0.0,0.25,0.25,-0.0,-0.25,-0.25,False
217,2,-1.0,lots,1,symmetric,True,sell,0,2,-8.0,998.5,-1.0,997.5,15.0,998.5,1.0,-0.0624352655935679,7.77941671849962,8.815526399587545,998.0,999.0,-7.0,998.5,-0.5,998.0,3.0,2.0,1.0,0.0,0.5,0.5,0.0,0.5,0.5,-0.0,-0.5,-0.5,False
217,2,1.0,lots,1,symmetric,True,sell,0,2,-8.0,998.5,-1.0,997.5,15.0,998.5,1.0,-0.0624352655935679,7.77941671849962,8.815526399587545,998.0,999.0,-9.0,998.5,-1.0,997.5,3.0,4.0,-1.0,0.0,0.0,0.0,-0.0,-0.0,-0.0,0.0,0.0,0.0,False
217,2,2.0,lots,1,symmetric,True,sell,0,2,-8.0,998.5,-1.0,997.5,15.0,998.5,1.0,-0.0624352655935679,7.77941671849962,8.815526399587545,998.0,999.0,-9.0,998.5,-0.5,998.0,3.0,5.0,-1.0,0.0,0.5,0.5,-0.0,-0.5,-0.5,0.0,0.25,0.25,False
217,2,3.0,lots,1,symmetric,True,sell,0,2,-8.0,998.5,-1.0,997.5,15.0,998.5,1.0,-0.0624352655935679,7.77941671849962,8.815526399587545,998.0,999.0,-6.0,998.5,-1.0,997.5,3.0,6.0,2.0,0.0,0.0,0.0,0.0,0.0,0.0,0.0,0.0,0.0,False
218,3,-3.0,lots,1,symmetric,True,sell,0,1,-3.0,997.5,-0.5,997.0,12.0,997.5,1.0,0.0499803792588358,9.25854869098335,8.377111696344668,997.0,998.0,0.0,997.5,-0.5,997.0,3.0,0.0,3.0,0.0,0.0,0.0,0.0,0.0,0.0,-0.0,-0.0,-0.0,False
218,3,-2.0,lots,1,symmetric,True,sell,0,1,-3.0,997.5,-0.5,997.0,12.0,997.5,1.0,0.0499803792588358,9.25854869098335,8.377111696344668,997.0,998.0,-1.0,997.5,-0.5,997.0,3.0,1.0,2.0,0.0,0.0,0.0,0.0,0.0,0.0,-0.0,-0.0,-0.0,False
218,3,-1.0,lots,1,symmetric,True,sell,0,1,-3.0,997.5,-0.5,997.0,12.0,997.5,1.0,0.0499803792588358,9.25854869098335,8.377111696344668,997.0,998.0,-2.0,997.5,-0.5,997.0,3.0,2.0,1.0,0.0,0.0,0.0,0.0,0.0,0.0,-0.0,-0.0,-0.0,False
218,3,1.0,lots,1,symmetric,True,sell,0,1,-3.0,997.5,-0.5,997.0,12.0,997.5,1.0,0.0499803792588358,9.25854869098335,8.377111696344668,997.0,998.0,-4.0,997.5,-0.5,997.0,3.0,4.0,-1.0,0.0,0.0,0.0,-0.0,-0.0,-0.0,0.0,0.0,0.0,False
218,3,2.0,lots,1,symmetric,True,sell,0,1,-3.0,997.5,-0.5,997.0,12.0,997.5,1.0,0.0499803792588358,9.25854869098335,8.377111696344668,997.0,998.0,-5.0,997.5,-0.5,997.0,3.0,5.0,-2.0,0.0,0.0,0.0,-0.0,-0.0,-0.0,0.0,0.0,0.0,False
218,3,3.0,lots,1,symmetric,True,sell,0,1,-3.0,997.5,-0.5,997.0,12.0,997.5,1.0,0.0499803792588358,9.25854869098335,8.377111696344668,997.0,998.0,-6.0,997.5,-0.5,997.0,3.0,6.0,-3.0,0.0,0.0,0.0,-0.0,-0.0,-0.0,0.0,0.0,0.0,False
220,2,-3.0,lots,1,symmetric,True,sell,0,2,-6.0,998.5,-0.5,998.0,15.0,998.5,1.0,0.1190438769392578,7.925910370004751,6.239593831105269,998.0,999.0,-3.0,998.5,0.0,998.5,3.0,0.0,3.0,0.0,0.5,0.5,0.0,0.1666666666666666,0.1666666666666666,-0.0,-0.1666666666666666,-0.1666666666666666,False
220,2,-1.0,lots,1,symmetric,True,sell,0,2,-6.0,998.5,-0.5,998.0,15.0,998.5,1.0,0.1190438769392578,7.925910370004751,6.239593831105269,998.0,999.0,-7.0,998.5,-0.5,998.0,3.0,2.0,-1.0,0.0,0.0,0.0,-0.0,-0.0,-0.0,-0.0,-0.0,-0.0,False
220,2,1.0,lots,1,symmetric,True,sell,0,2,-6.0,998.5,-0.5,998.0,15.0,998.5,1.0,0.1190438769392578,7.925910370004751,6.239593831105269,998.0,999.0,-7.0,998.5,-0.5,998.0,3.0,4.0,-1.0,0.0,0.0,0.0,-0.0,-0.0,-0.0,0.0,0.0,0.0,False
220,2,2.0,lots,1,symmetric,True,sell,0,2,-6.0,998.5,-0.5,998.0,15.0,998.5,1.0,0.1190438769392578,7.925910370004751,6.239593831105269,998.0,999.0,-8.0,998.5,-0.5,998.0,3.0,5.0,-2.0,0.0,0.0,0.0,-0.0,-0.0,-0.0,0.0,0.0,0.0,False
220,2,3.0,lots,1,symmetric,True,sell,0,2,-6.0,998.5,-0.5,998.0,15.0,998.5,1.0,0.1190438769392578,7.925910370004751,6.239593831105269,998.0,999.0,-9.0,998.5,-0.5,998.0,3.0,6.0,-3.0,0.0,0.0,0.0,-0.0,-0.0,-0.0,0.0,0.0,0.0,False
225,2,-3.0,lots,1,symmetric,True,sell,0,1,-3.0,998.5,-1.0,997.5,13.0,998.5,1.0,-0.0949940608883407,6.755601981451341,8.173807184818976,998.0,999.0,0.0,998.5,-1.0,997.5,3.0,0.0,3.0,0.0,0.0,0.0,0.0,0.0,0.0,-0.0,-0.0,-0.0,False
225,2,-2.0,lots,1,symmetric,True,sell,0,1,-3.0,998.5,-1.0,997.5,13.0,998.5,1.0,-0.0949940608883407,6.755601981451341,8.173807184818976,998.0,999.0,-1.0,998.5,-1.0,997.5,3.0,1.0,2.0,0.0,0.0,0.0,0.0,0.0,0.0,-0.0,-0.0,-0.0,False
225,2,-1.0,lots,1,symmetric,True,sell,0,1,-3.0,998.5,-1.0,997.5,13.0,998.5,1.0,-0.0949940608883407,6.755601981451341,8.173807184818976,998.0,999.0,-2.0,998.5,-1.0,997.5,3.0,2.0,1.0,0.0,0.0,0.0,0.0,0.0,0.0,-0.0,-0.0,-0.0,False
225,2,1.0,lots,1,symmetric,True,sell,0,1,-3.0,998.5,-1.0,997.5,13.0,998.5,1.0,-0.0949940608883407,6.755601981451341,8.173807184818976,998.0,999.0,-4.0,998.5,-1.0,997.5,3.0,4.0,-1.0,0.0,0.0,0.0,-0.0,-0.0,-0.0,0.0,0.0,0.0,False
225,2,2.0,lots,1,symmetric,True,sell,0,1,-3.0,998.5,-1.0,997.5,13.0,998.5,1.0,-0.0949940608883407,6.755601981451341,8.173807184818976,998.0,999.0,-5.0,998.0,-1.0,997.5,3.0,5.0,-2.0,-0.5,0.0,0.0,0.25,-0.0,-0.0,-0.25,0.0,0.0,False
225,2,3.0,lots,1,symmetric,True,sell,0,1,-3.0,998.5,-1.0,997.5,13.0,998.5,1.0,-0.0949940608883407,6.755601981451341,8.173807184818976,998.0,999.0,-6.0,998.0,-1.0,997.5,3.0,6.0,-3.0,-0.5,0.0,0.0,0.1666666666666666,-0.0,-0.0,-0.1666666666666666,0.0,0.0,False
226,3,-3.0,lots,1,symmetric,True,sell,0,1,-3.0,997.0,-1.0,996.5,12.0,997.5,1.0,-0.1129116439199352,6.434854770066192,8.072955474453373,997.0,998.0,-2.0,997.5,-1.0,996.5,3.0,0.0,1.0,0.5,0.0,0.0,0.5,0.0,0.0,-0.1666666666666666,-0.0,-0.0,False
226,3,-1.0,lots,1,symmetric,True,sell,0,1,-3.0,997.0,-1.0,996.5,12.0,997.5,1.0,-0.1129116439199352,6.434854770066192,8.072955474453373,997.0,998.0,-4.0,997.5,-1.0,996.5,3.0,2.0,-1.0,0.5,0.0,0.0,-0.5,-0.0,-0.0,-0.5,-0.0,-0.0,False
226,3,1.0,lots,1,symmetric,True,sell,0,1,-3.0,997.0,-1.0,996.5,12.0,997.5,1.0,-0.1129116439199352,6.434854770066192,8.072955474453373,997.0,998.0,-5.0,997.0,-1.0,996.5,3.0,4.0,-2.0,0.0,0.0,0.0,-0.0,-0.0,-0.0,0.0,0.0,0.0,False
226,3,2.0,lots,1,symmetric,True,sell,0,1,-3.0,997.0,-1.0,996.5,12.0,997.5,1.0,-0.1129116439199352,6.434854770066192,8.072955474453373,997.0,998.0,-6.0,997.0,-1.0,996.5,3.0,5.0,-3.0,0.0,0.0,0.0,-0.0,-0.0,-0.0,0.0,0.0,0.0,False
226,3,3.0,lots,1,symmetric,True,sell,0,1,-3.0,997.0,-1.0,996.5,12.0,997.5,1.0,-0.1129116439199352,6.434854770066192,8.072955474453373,997.0,998.0,-7.0,997.0,-1.0,996.5,3.0,6.0,-4.0,0.0,0.0,0.0,-0.0,-0.0,-0.0,0.0,0.0,0.0,False
228,3,-3.0,lots,1,symmetric,True,sell,0,1,-3.0,998.5,-1.0,997.5,11.0,998.5,1.0,-0.2128316479889281,7.460145976279698,11.494238958583049,998.0,999.0,-1.0,998.5,-0.5,998.0,3.0,0.0,2.0,0.0,0.5,0.5,0.0,0.25,0.25,-0.0,-0.1666666666666666,-0.1666666666666666,False
228,3,-2.0,lots,1,symmetric,True,sell,0,1,-3.0,998.5,-1.0,997.5,11.0,998.5,1.0,-0.2128316479889281,7.460145976279698,11.494238958583049,998.0,999.0,-2.0,998.5,-0.5,998.0,3.0,1.0,1.0,0.0,0.5,0.5,0.0,0.5,0.5,-0.0,-0.25,-0.25,False
228,3,-1.0,lots,1,symmetric,True,sell,0,1,-3.0,998.5,-1.0,997.5,11.0,998.5,1.0,-0.2128316479889281,7.460145976279698,11.494238958583049,998.0,999.0,-2.0,998.5,-1.0,997.5,3.0,2.0,1.0,0.0,0.0,0.0,0.0,0.0,0.0,-0.0,-0.0,-0.0,False
228,3,1.0,lots,1,symmetric,True,sell,0,1,-3.0,998.5,-1.0,997.5,11.0,998.5,1.0,-0.2128316479889281,7.460145976279698,11.494238958583049,998.0,999.0,-7.0,998.5,-1.0,997.5,3.0,4.0,-4.0,0.0,0.0,0.0,-0.0,-0.0,-0.0,0.0,0.0,0.0,False
228,3,2.0,lots,1,symmetric,True,sell,0,1,-3.0,998.5,-1.0,997.5,11.0,998.5,1.0,-0.2128316479889281,7.460145976279698,11.494238958583049,998.0,999.0,-7.0,998.5,-1.0,997.5,3.0,5.0,-4.0,0.0,0.0,0.0,-0.0,-0.0,-0.0,0.0,0.0,0.0,False
228,3,3.0,lots,1,symmetric,True,sell,0,1,-3.0,998.5,-1.0,997.5,11.0,998.5,1.0,-0.2128316479889281,7.460145976279698,11.494238958583049,998.0,999.0,-7.0,998.5,-1.0,997.5,3.0,6.0,-4.0,0.0,0.0,0.0,-0.0,-0.0,-0.0,0.0,0.0,0.0,False
235,2,-3.0,lots,1,symmetric,True,sell,0,1,-3.0,998.0,-1.0,997.5,12.0,998.5,1.0,-0.2796261787046017,6.135510998252371,10.898730993549348,998.0,999.0,-1.0,998.5,-1.0,997.5,3.0,0.0,2.0,0.5,0.0,0.0,0.25,0.0,0.0,-0.1666666666666666,-0.0,-0.0,False
235,2,-2.0,lots,1,symmetric,True,sell,0,1,-3.0,998.0,-1.0,997.5,12.0,998.5,1.0,-0.2796261787046017,6.135510998252371,10.898730993549348,998.0,999.0,-1.0,998.5,-1.0,997.5,3.0,1.0,2.0,0.5,0.0,0.0,0.25,0.0,0.0,-0.25,-0.0,-0.0,False
235,2,-1.0,lots,1,symmetric,True,sell,0,1,-3.0,998.0,-1.0,997.5,12.0,998.5,1.0,-0.2796261787046017,6.135510998252371,10.898730993549348,998.0,999.0,-2.0,998.0,-1.0,997.5,3.0,2.0,1.0,0.0,0.0,0.0,0.0,0.0,0.0,-0.0,-0.0,-0.0,False
235,2,1.0,lots,1,symmetric,True,sell,0,1,-3.0,998.0,-1.0,997.5,12.0,998.5,1.0,-0.2796261787046017,6.135510998252371,10.898730993549348,998.0,999.0,-4.0,998.0,-1.0,997.5,3.0,4.0,-1.0,0.0,0.0,0.0,-0.0,-0.0,-0.0,0.0,0.0,0.0,False
235,2,2.0,lots,1,symmetric,True,sell,0,1,-3.0,998.0,-1.0,997.5,12.0,998.5,1.0,-0.2796261787046017,6.135510998252371,10.898730993549348,998.0,999.0,-5.0,998.0,-1.0,997.5,3.0,5.0,-2.0,0.0,0.0,0.0,-0.0,-0.0,-0.0,0.0,0.0,0.0,False
235,2,3.0,lots,1,symmetric,True,sell,0,1,-3.0,998.0,-1.0,997.5,12.0,998.5,1.0,-0.2796261787046017,6.135510998252371,10.898730993549348,998.0,999.0,-6.0,998.0,-1.0,997.5,3.0,6.0,-3.0,0.0,0.0,0.0,-0.0,-0.0,-0.0,0.0,0.0,0.0,False
238,4,-3.0,lots,1,symmetric,True,sell,0,1,-3.0,997.5,-1.0,996.5,9.0,997.5,1.0,-0.1419825920893954,7.709221652203526,10.260627400105532,997.0,998.0,0.0,997.5,-1.0,996.5,3.0,0.0,3.0,0.0,0.0,0.0,0.0,0.0,0.0,-0.0,-0.0,-0.0,False
238,4,-2.0,lots,1,symmetric,True,sell,0,1,-3.0,997.5,-1.0,996.5,9.0,997.5,1.0,-0.1419825920893954,7.709221652203526,10.260627400105532,997.0,998.0,-1.0,997.5,-1.0,996.5,3.0,1.0,2.0,0.0,0.0,0.0,0.0,0.0,0.0,-0.0,-0.0,-0.0,False
238,4,-1.0,lots,1,symmetric,True,sell,0,1,-3.0,997.5,-1.0,996.5,9.0,997.5,1.0,-0.1419825920893954,7.709221652203526,10.260627400105532,997.0,998.0,-2.0,997.5,-1.0,996.5,3.0,2.0,1.0,0.0,0.0,0.0,0.0,0.0,0.0,-0.0,-0.0,-0.0,False
238,4,1.0,lots,1,symmetric,True,sell,0,1,-3.0,997.5,-1.0,996.5,9.0,997.5,1.0,-0.1419825920893954,7.709221652203526,10.260627400105532,997.0,998.0,-4.0,997.0,-1.0,996.5,3.0,4.0,-1.0,-0.5,0.0,0.0,0.5,-0.0,-0.0,-0.5,0.0,0.0,False
238,4,2.0,lots,1,symmetric,True,sell,0,1,-3.0,997.5,-1.0,996.5,9.0,997.5,1.0,-0.1419825920893954,7.709221652203526,10.260627400105532,997.0,998.0,-5.0,997.0,-1.0,996.5,3.0,5.0,-2.0,-0.5,0.0,0.0,0.25,-0.0,-0.0,-0.25,0.0,0.0,False
238,4,3.0,lots,1,symmetric,True,sell,0,1,-3.0,997.5,-1.0,996.5,9.0,997.5,1.0,-0.1419825920893954,7.709221652203526,10.260627400105532,997.0,998.0,-6.0,997.0,-1.0,996.5,3.0,6.0,-3.0,-0.5,0.0,0.0,0.1666666666666666,-0.0,-0.0,-0.1666666666666666,0.0,0.0,False
240,2,-3.0,lots,1,symmetric,True,sell,0,1,-3.0,997.5,-1.0,996.5,14.0,997.5,1.0,0.0481937939262947,7.544355614656551,6.850607718215544,997.0,998.0,-6.0,997.5,0.0,997.5,3.0,0.0,-3.0,0.0,1.0,1.0,-0.0,-0.3333333333333333,-0.3333333333333333,-0.0,-0.3333333333333333,-0.3333333333333333,False
240,2,-2.0,lots,1,symmetric,True,sell,0,1,-3.0,997.5,-1.0,996.5,14.0,997.5,1.0,0.0481937939262947,7.544355614656551,6.850607718215544,997.0,998.0,-7.0,997.5,0.0,997.5,3.0,1.0,-4.0,0.0,1.0,1.0,-0.0,-0.25,-0.25,-0.0,-0.5,-0.5,False
240,2,-1.0,lots,1,symmetric,True,sell,0,1,-3.0,997.5,-1.0,996.5,14.0,997.5,1.0,0.0481937939262947,7.544355614656551,6.850607718215544,997.0,998.0,-8.0,997.5,0.0,997.5,3.0,2.0,-5.0,0.0,1.0,1.0,-0.0,-0.2,-0.2,-0.0,-1.0,-1.0,False
240,2,1.0,lots,1,symmetric,True,sell,0,1,-3.0,997.5,-1.0,996.5,14.0,997.5,1.0,0.0481937939262947,7.544355614656551,6.850607718215544,997.0,998.0,-4.0,997.5,-1.0,996.5,3.0,4.0,-1.0,0.0,0.0,0.0,-0.0,-0.0,-0.0,0.0,0.0,0.0,False
240,2,2.0,lots,1,symmetric,True,sell,0,1,-3.0,997.5,-1.0,996.5,14.0,997.5,1.0,0.0481937939262947,7.544355614656551,6.850607718215544,997.0,998.0,-5.0,997.5,-1.0,996.5,3.0,5.0,-2.0,0.0,0.0,0.0,-0.0,-0.0,-0.0,0.0,0.0,0.0,False
240,2,3.0,lots,1,symmetric,True,sell,0,1,-3.0,997.5,-1.0,996.5,14.0,997.5,1.0,0.0481937939262947,7.544355614656551,6.850607718215544,997.0,998.0,-6.0,997.5,-1.0,996.5,3.0,6.0,-3.0,0.0,0.0,0.0,-0.0,-0.0,-0.0,0.0,0.0,0.0,False
243,2,-3.0,lots,1,symmetric,True,sell,0,1,-4.0,999.0,-1.0,998.5,13.0,999.5,1.0,-0.2361283639505878,5.838308972173271,9.44779067244192,999.0,1000.0,-1.0,999.5,-1.0,998.5,4.0,1.0,3.0,0.5,0.0,0.0,0.1666666666666666,0.0,0.0,-0.1666666666666666,-0.0,-0.0,False
243,2,-2.0,lots,1,symmetric,True,sell,0,1,-4.0,999.0,-1.0,998.5,13.0,999.5,1.0,-0.2361283639505878,5.838308972173271,9.44779067244192,999.0,1000.0,-2.0,999.5,-1.0,998.5,4.0,2.0,2.0,0.5,0.0,0.0,0.25,0.0,0.0,-0.25,-0.0,-0.0,False
243,2,-1.0,lots,1,symmetric,True,sell,0,1,-4.0,999.0,-1.0,998.5,13.0,999.5,1.0,-0.2361283639505878,5.838308972173271,9.44779067244192,999.0,1000.0,-3.0,999.0,-1.0,998.5,4.0,3.0,1.0,0.0,0.0,0.0,0.0,0.0,0.0,-0.0,-0.0,-0.0,False
243,2,1.0,lots,1,symmetric,True,sell,0,1,-4.0,999.0,-1.0,998.5,13.0,999.5,1.0,-0.2361283639505878,5.838308972173271,9.44779067244192,999.0,1000.0,-5.0,999.0,-1.0,998.5,4.0,5.0,-1.0,0.0,0.0,0.0,-0.0,-0.0,-0.0,0.0,0.0,0.0,False
243,2,2.0,lots,1,symmetric,True,sell,0,1,-4.0,999.0,-1.0,998.5,13.0,999.5,1.0,-0.2361283639505878,5.838308972173271,9.44779067244192,999.0,1000.0,-6.0,999.0,-1.0,998.5,4.0,6.0,-2.0,0.0,0.0,0.0,-0.0,-0.0,-0.0,0.0,0.0,0.0,False
243,2,3.0,lots,1,symmetric,True,sell,0,1,-4.0,999.0,-1.0,998.5,13.0,999.5,1.0,-0.2361283639505878,5.838308972173271,9.44779067244192,999.0,1000.0,-7.0,999.0,-2.0,997.5,4.0,7.0,-3.0,0.0,-1.0,-1.0,-0.0,0.3333333333333333,0.3333333333333333,0.0,-0.3333333333333333,-0.3333333333333333,False
246,3,-3.0,lots,1,symmetric,True,sell,0,1,-3.0,997.5,0.0,997.5,11.0,997.5,1.0,0.1739942959448024,9.47649723074105,6.667528789614683,997.0,998.0,-2.0,997.5,0.0,997.5,3.0,0.0,1.0,0.0,0.0,0.0,0.0,0.0,0.0,-0.0,-0.0,-0.0,False
246,3,-1.0,lots,1,symmetric,True,sell,0,1,-3.0,997.5,0.0,997.5,11.0,997.5,1.0,0.1739942959448024,9.47649723074105,6.667528789614683,997.0,998.0,-4.0,997.5,0.0,997.5,3.0,2.0,-1.0,0.0,0.0,0.0,-0.0,-0.0,-0.0,-0.0,-0.0,-0.0,False
246,3,1.0,lots,1,symmetric,True,sell,0,1,-3.0,997.5,0.0,997.5,11.0,997.5,1.0,0.1739942959448024,9.47649723074105,6.667528789614683,997.0,998.0,-4.0,997.5,0.0,997.5,3.0,4.0,-1.0,0.0,0.0,0.0,-0.0,-0.0,-0.0,0.0,0.0,0.0,False
246,3,2.0,lots,1,symmetric,True,sell,0,1,-3.0,997.5,0.0,997.5,11.0,997.5,1.0,0.1739942959448024,9.47649723074105,6.667528789614683,997.0,998.0,-5.0,997.5,0.0,997.5,3.0,5.0,-2.0,0.0,0.0,0.0,-0.0,-0.0,-0.0,0.0,0.0,0.0,False
246,3,3.0,lots,1,symmetric,True,sell,0,1,-3.0,997.5,0.0,997.5,11.0,997.5,1.0,0.1739942959448024,9.47649723074105,6.667528789614683,997.0,998.0,-6.0,997.5,-0.5,997.0,3.0,6.0,-3.0,0.0,-0.5,-0.5,-0.0,0.1666666666666666,0.1666666666666666,0.0,-0.1666666666666666,-0.1666666666666666,False
248,2,-3.0,lots,1,symmetric,True,sell,0,2,-4.0,998.5,-1.0,997.5,14.0,998.5,1.0,0.1466758929676501,9.763638198611412,7.265826288241391,998.0,999.0,-3.0,998.5,0.0,998.5,3.0,0.0,1.0,0.0,1.0,1.0,0.0,1.0,1.0,-0.0,-0.3333333333333333,-0.3333333333333333,False
248,2,-1.0,lots,1,symmetric,True,sell,0,2,-4.0,998.5,-1.0,997.5,14.0,998.5,1.0,0.1466758929676501,9.763638198611412,7.265826288241391,998.0,999.0,-3.0,998.5,-1.0,997.5,3.0,2.0,1.0,0.0,0.0,0.0,0.0,0.0,0.0,-0.0,-0.0,-0.0,False
248,2,1.0,lots,1,symmetric,True,sell,0,2,-4.0,998.5,-1.0,997.5,14.0,998.5,1.0,0.1466758929676501,9.763638198611412,7.265826288241391,998.0,999.0,-7.0,998.5,-1.0,997.5,3.0,4.0,-3.0,0.0,0.0,0.0,-0.0,-0.0,-0.0,0.0,0.0,0.0,False
248,2,2.0,lots,1,symmetric,True,sell,0,2,-4.0,998.5,-1.0,997.5,14.0,998.5,1.0,0.1466758929676501,9.763638198611412,7.265826288241391,998.0,999.0,-8.0,998.5,-0.5,998.0,3.0,5.0,-4.0,0.0,0.5,0.5,-0.0,-0.125,-0.125,0.0,0.25,0.25,False
248,2,3.0,lots,1,symmetric,True,sell,0,2,-4.0,998.5,-1.0,997.5,14.0,998.5,1.0,0.1466758929676501,9.763638198611412,7.265826288241391,998.0,999.0,-9.0,998.5,-1.0,997.5,3.0,6.0,-5.0,0.0,0.0,0.0,-0.0,-0.0,-0.0,0.0,0.0,0.0,False
249,3,-3.0,lots,1,symmetric,True,sell,0,1,-3.0,997.5,0.0,997.5,12.0,997.5,1.0,0.3766002316940481,11.790922018302558,5.33957345429026,997.0,998.0,0.0,997.5,0.0,997.5,3.0,0.0,3.0,0.0,0.0,0.0,0.0,0.0,0.0,-0.0,-0.0,-0.0,False
249,3,-2.0,lots,1,symmetric,True,sell,0,1,-3.0,997.5,0.0,997.5,12.0,997.5,1.0,0.3766002316940481,11.790922018302558,5.33957345429026,997.0,998.0,-1.0,997.5,0.0,997.5,3.0,1.0,2.0,0.0,0.0,0.0,0.0,0.0,0.0,-0.0,-0.0,-0.0,False
249,3,-1.0,lots,1,symmetric,True,sell,0,1,-3.0,997.5,0.0,997.5,12.0,997.5,1.0,0.3766002316940481,11.790922018302558,5.33957345429026,997.0,998.0,-2.0,997.5,0.0,997.5,3.0,2.0,1.0,0.0,0.0,0.0,0.0,0.0,0.0,-0.0,-0.0,-0.0,False
249,3,1.0,lots,1,symmetric,True,sell,0,1,-3.0,997.5,0.0,997.5,12.0,997.5,1.0,0.3766002316940481,11.790922018302558,5.33957345429026,997.0,998.0,-4.0,997.5,0.0,997.5,3.0,4.0,-1.0,0.0,0.0,0.0,-0.0,-0.0,-0.0,0.0,0.0,0.0,False
249,3,2.0,lots,1,symmetric,True,sell,0,1,-3.0,997.5,0.0,997.5,12.0,997.5,1.0,0.3766002316940481,11.790922018302558,5.33957345429026,997.0,998.0,-5.0,997.5,-1.0,996.5,3.0,5.0,-2.0,0.0,-1.0,-1.0,-0.0,0.5,0.5,0.0,-0.5,-0.5,False
249,3,3.0,lots,1,symmetric,True,sell,0,1,-3.0,997.5,0.0,997.5,12.0,997.5,1.0,0.3766002316940481,11.790922018302558,5.33957345429026,997.0,998.0,-6.0,997.5,-1.0,996.5,3.0,6.0,-3.0,0.0,-1.0,-1.0,-0.0,0.3333333333333333,0.3333333333333333,0.0,-0.3333333333333333,-0.3333333333333333,False
260,2,-3.0,lots,1,symmetric,True,sell,0,2,-4.0,998.5,-1.0,997.5,15.0,998.5,1.0,0.2452797378641577,8.799268098308417,5.332926991287254,998.0,999.0,0.0,998.5,0.0,998.5,3.0,0.0,4.0,0.0,1.0,1.0,0.0,0.25,0.25,-0.0,-0.3333333333333333,-0.3333333333333333,False
260,2,-2.0,lots,1,symmetric,True,sell,0,2,-4.0,998.5,-1.0,997.5,15.0,998.5,1.0,0.2452797378641577,8.799268098308417,5.332926991287254,998.0,999.0,-1.0,998.5,0.0,998.5,3.0,1.0,3.0,0.0,1.0,1.0,0.0,0.3333333333333333,0.3333333333333333,-0.0,-0.5,-0.5,False
260,2,-1.0,lots,1,symmetric,True,sell,0,2,-4.0,998.5,-1.0,997.5,15.0,998.5,1.0,0.2452797378641577,8.799268098308417,5.332926991287254,998.0,999.0,-2.0,998.5,0.0,998.5,3.0,2.0,2.0,0.0,1.0,1.0,0.0,0.5,0.5,-0.0,-1.0,-1.0,False
260,2,1.0,lots,1,symmetric,True,sell,0,2,-4.0,998.5,-1.0,997.5,15.0,998.5,1.0,0.2452797378641577,8.799268098308417,5.332926991287254,998.0,999.0,-5.0,998.5,-1.0,997.5,3.0,4.0,-1.0,0.0,0.0,0.0,-0.0,-0.0,-0.0,0.0,0.0,0.0,False
260,2,2.0,lots,1,symmetric,True,sell,0,2,-4.0,998.5,-1.0,997.5,15.0,998.5,1.0,0.2452797378641577,8.799268098308417,5.332926991287254,998.0,999.0,-6.0,998.5,-1.0,997.5,3.0,5.0,-2.0,0.0,0.0,0.0,-0.0,-0.0,-0.0,0.0,0.0,0.0,False
260,2,3.0,lots,1,symmetric,True,sell,0,2,-4.0,998.5,-1.0,997.5,15.0,998.5,1.0,0.2452797378641577,8.799268098308417,5.332926991287254,998.0,999.0,-7.0,998.5,-1.0,997.5,3.0,6.0,-3.0,0.0,0.0,0.0,-0.0,-0.0,-0.0,0.0,0.0,0.0,False
270,2,-3.0,lots,1,symmetric,True,sell,0,1,-5.0,998.0,-1.0,997.5,15.0,998.5,1.0,-0.2871277821946207,5.581930063004952,10.078464390826522,998.0,999.0,-4.0,998.5,-1.0,997.5,4.0,1.0,1.0,0.5,0.0,0.0,0.5,0.0,0.0,-0.1666666666666666,-0.0,-0.0,False
270,2,-2.0,lots,1,symmetric,True,sell,0,1,-5.0,998.0,-1.0,997.5,15.0,998.5,1.0,-0.2871277821946207,5.581930063004952,10.078464390826522,998.0,999.0,-3.0,998.0,-1.0,997.5,4.0,2.0,2.0,0.0,0.0,0.0,0.0,0.0,0.0,-0.0,-0.0,-0.0,False
270,2,-1.0,lots,1,symmetric,True,sell,0,1,-5.0,998.0,-1.0,997.5,15.0,998.5,1.0,-0.2871277821946207,5.581930063004952,10.078464390826522,998.0,999.0,-4.0,998.0,-1.0,997.5,4.0,3.0,1.0,0.0,0.0,0.0,0.0,0.0,0.0,-0.0,-0.0,-0.0,False
270,2,1.0,lots,1,symmetric,True,sell,0,1,-5.0,998.0,-1.0,997.5,15.0,998.5,1.0,-0.2871277821946207,5.581930063004952,10.078464390826522,998.0,999.0,-6.0,998.0,-1.0,997.5,4.0,5.0,-1.0,0.0,0.0,0.0,-0.0,-0.0,-0.0,0.0,0.0,0.0,False
270,2,2.0,lots,1,symmetric,True,sell,0,1,-5.0,998.0,-1.0,997.5,15.0,998.5,1.0,-0.2871277821946207,5.581930063004952,10.078464390826522,998.0,999.0,-7.0,998.0,-1.0,997.5,4.0,6.0,-2.0,0.0,0.0,0.0,-0.0,-0.0,-0.0,0.0,0.0,0.0,False
270,2,3.0,lots,1,symmetric,True,sell,0,1,-5.0,998.0,-1.0,997.5,15.0,998.5,1.0,-0.2871277821946207,5.581930063004952,10.078464390826522,998.0,999.0,-8.0,998.0,-1.0,997.5,4.0,7.0,-3.0,0.0,0.0,0.0,-0.0,-0.0,-0.0,0.0,0.0,0.0,False
271,2,-3.0,lots,1,symmetric,True,sell,0,1,-4.0,998.0,-1.0,997.5,14.0,998.5,1.0,-0.2292934676680246,6.344447891144364,10.119530614260457,998.0,999.0,-1.0,998.5,-1.0,997.5,4.0,1.0,3.0,0.5,0.0,0.0,0.1666666666666666,0.0,0.0,-0.1666666666666666,-0.0,-0.0,False
271,2,-2.0,lots,1,symmetric,True,sell,0,1,-4.0,998.0,-1.0,997.5,14.0,998.5,1.0,-0.2292934676680246,6.344447891144364,10.119530614260457,998.0,999.0,-2.0,998.0,-1.0,997.5,4.0,2.0,2.0,0.0,0.0,0.0,0.0,0.0,0.0,-0.0,-0.0,-0.0,False
271,2,-1.0,lots,1,symmetric,True,sell,0,1,-4.0,998.0,-1.0,997.5,14.0,998.5,1.0,-0.2292934676680246,6.344447891144364,10.119530614260457,998.0,999.0,-3.0,998.0,-1.0,997.5,4.0,3.0,1.0,0.0,0.0,0.0,0.0,0.0,0.0,-0.0,-0.0,-0.0,False
271,2,1.0,lots,1,symmetric,True,sell,0,1,-4.0,998.0,-1.0,997.5,14.0,998.5,1.0,-0.2292934676680246,6.344447891144364,10.119530614260457,998.0,999.0,-5.0,998.0,-1.0,997.5,4.0,5.0,-1.0,0.0,0.0,0.0,-0.0,-0.0,-0.0,0.0,0.0,0.0,False
271,2,2.0,lots,1,symmetric,True,sell,0,1,-4.0,998.0,-1.0,997.5,14.0,998.5,1.0,-0.2292934676680246,6.344447891144364,10.119530614260457,998.0,999.0,-6.0,998.0,-1.0,997.5,4.0,6.0,-2.0,0.0,0.0,0.0,-0.0,-0.0,-0.0,0.0,0.0,0.0,False
271,2,3.0,lots,1,symmetric,True,sell,0,1,-4.0,998.0,-1.0,997.5,14.0,998.5,1.0,-0.2292934676680246,6.344447891144364,10.119530614260457,998.0,999.0,-7.0,998.0,-2.0,996.5,4.0,7.0,-3.0,0.0,-1.0,-1.0,-0.0,0.3333333333333333,0.3333333333333333,0.0,-0.3333333333333333,-0.3333333333333333,False
277,2,-3.0,lots,1,symmetric,True,buy,0,1,-6.0,1001.5,0.0,1001.5,10.0,1001.5,1.0,-0.3969509307035211,5.17116217011338,11.978892223125609,1001.0,1002.0,-5.0,1001.5,0.0,1001.5,3.0,0.0,1.0,0.0,0.0,0.0,0.0,0.0,0.0,-0.0,-0.0,-0.0,False
278,2,-3.0,lots,1,symmetric,True,sell,0,1,-3.0,998.0,-1.0,997.5,14.0,998.5,1.0,-0.1411515733774393,6.42517477447519,8.537127246015954,998.0,999.0,0.0,998.5,-1.0,997.5,3.0,0.0,3.0,0.5,0.0,0.0,0.1666666666666666,0.0,0.0,-0.1666666666666666,-0.0,-0.0,False
278,2,-2.0,lots,1,symmetric,True,sell,0,1,-3.0,998.0,-1.0,997.5,14.0,998.5,1.0,-0.1411515733774393,6.42517477447519,8.537127246015954,998.0,999.0,-1.0,998.0,-1.0,997.5,3.0,1.0,2.0,0.0,0.0,0.0,0.0,0.0,0.0,-0.0,-0.0,-0.0,False
278,2,-1.0,lots,1,symmetric,True,sell,0,1,-3.0,998.0,-1.0,997.5,14.0,998.5,1.0,-0.1411515733774393,6.42517477447519,8.537127246015954,998.0,999.0,-2.0,998.0,-1.0,997.5,3.0,2.0,1.0,0.0,0.0,0.0,0.0,0.0,0.0,-0.0,-0.0,-0.0,False
278,2,1.0,lots,1,symmetric,True,sell,0,1,-3.0,998.0,-1.0,997.5,14.0,998.5,1.0,-0.1411515733774393,6.42517477447519,8.537127246015954,998.0,999.0,-4.0,998.0,-1.0,997.5,3.0,4.0,-1.0,0.0,0.0,0.0,-0.0,-0.0,-0.0,0.0,0.0,0.0,False
278,2,2.0,lots,1,symmetric,True,sell,0,1,-3.0,998.0,-1.0,997.5,14.0,998.5,1.0,-0.1411515733774393,6.42517477447519,8.537127246015954,998.0,999.0,-5.0,998.0,-1.0,997.5,3.0,5.0,-2.0,0.0,0.0,0.0,-0.0,-0.0,-0.0,0.0,0.0,0.0,False
278,2,3.0,lots,1,symmetric,True,sell,0,1,-3.0,998.0,-1.0,997.5,14.0,998.5,1.0,-0.1411515733774393,6.42517477447519,8.537127246015954,998.0,999.0,-6.0,998.0,-1.0,997.5,3.0,6.0,-3.0,0.0,0.0,0.0,-0.0,-0.0,-0.0,0.0,0.0,0.0,False
279,2,-3.0,lots,1,symmetric,True,sell,0,2,-7.0,998.5,-1.0,997.5,15.0,998.5,1.0,0.0127689290421286,8.451598151877906,8.238483681243459,998.0,999.0,-5.0,998.5,0.0,998.5,3.0,0.0,2.0,0.0,1.0,1.0,0.0,0.5,0.5,-0.0,-0.3333333333333333,-0.3333333333333333,False
279,2,-1.0,lots,1,symmetric,True,sell,0,2,-7.0,998.5,-1.0,997.5,15.0,998.5,1.0,0.0127689290421286,8.451598151877906,8.238483681243459,998.0,999.0,-8.0,998.5,-1.0,997.5,3.0,2.0,-1.0,0.0,0.0,0.0,-0.0,-0.0,-0.0,-0.0,-0.0,-0.0,False
279,2,1.0,lots,1,symmetric,True,sell,0,2,-7.0,998.5,-1.0,997.5,15.0,998.5,1.0,0.0127689290421286,8.451598151877906,8.238483681243459,998.0,999.0,-10.0,998.5,-1.0,997.5,3.0,4.0,-3.0,0.0,0.0,0.0,-0.0,-0.0,-0.0,0.0,0.0,0.0,False
279,2,2.0,lots,1,symmetric,True,sell,0,2,-7.0,998.5,-1.0,997.5,15.0,998.5,1.0,0.0127689290421286,8.451598151877906,8.238483681243459,998.0,999.0,-6.0,998.5,-1.0,997.5,3.0,5.0,1.0,0.0,0.0,0.0,0.0,0.0,0.0,0.0,0.0,0.0,False
285,2,-3.0,lots,1,symmetric,True,sell,0,2,-9.0,997.5,-0.5,997.5,16.0,998.0,2.0,0.0189488158707657,5.855875679137695,5.638078851116946,997.0,999.0,-6.0,997.5,-0.5,997.5,3.0,0.0,3.0,0.0,0.0,0.0,0.0,0.0,0.0,-0.0,-0.0,-0.0,False
285,2,-2.0,lots,1,symmetric,True,sell,0,2,-9.0,997.5,-0.5,997.5,16.0,998.0,2.0,0.0189488158707657,5.855875679137695,5.638078851116946,997.0,999.0,-7.0,997.5,-0.5,997.5,3.0,1.0,2.0,0.0,0.0,0.0,0.0,0.0,0.0,-0.0,-0.0,-0.0,False
285,2,-1.0,lots,1,symmetric,True,sell,0,2,-9.0,997.5,-0.5,997.5,16.0,998.0,2.0,0.0189488158707657,5.855875679137695,5.638078851116946,997.0,999.0,-8.0,997.5,-0.5,997.5,3.0,2.0,1.0,0.0,0.0,0.0,0.0,0.0,0.0,-0.0,-0.0,-0.0,False
285,2,1.0,lots,1,symmetric,True,sell,0,2,-9.0,997.5,-0.5,997.5,16.0,998.0,2.0,0.0189488158707657,5.855875679137695,5.638078851116946,997.0,999.0,-10.0,997.5,-0.5,997.5,3.0,4.0,-1.0,0.0,0.0,0.0,-0.0,-0.0,-0.0,0.0,0.0,0.0,False
285,2,2.0,lots,1,symmetric,True,sell,0,2,-9.0,997.5,-0.5,997.5,16.0,998.0,2.0,0.0189488158707657,5.855875679137695,5.638078851116946,997.0,999.0,-11.0,997.5,-0.5,997.5,3.0,5.0,-2.0,0.0,0.0,0.0,-0.0,-0.0,-0.0,0.0,0.0,0.0,False
285,2,3.0,lots,1,symmetric,True,sell,0,2,-9.0,997.5,-0.5,997.5,16.0,998.0,2.0,0.0189488158707657,5.855875679137695,5.638078851116946,997.0,999.0,-12.0,997.5,-0.5,997.5,3.0,6.0,-3.0,0.0,0.0,0.0,-0.0,-0.0,-0.0,0.0,0.0,0.0,False
292,3,-2.0,lots,1,symmetric,True,sell,0,1,-4.0,999.0,-1.0,998.5,9.0,999.5,1.0,-0.3668567949058714,5.817448381882881,12.558957887905668,999.0,1000.0,-3.0,999.5,-1.0,998.5,3.0,1.0,1.0,0.5,0.0,0.0,0.5,0.0,0.0,-0.25,-0.0,-0.0,False
292,3,-1.0,lots,1,symmetric,True,sell,0,1,-4.0,999.0,-1.0,998.5,9.0,999.5,1.0,-0.3668567949058714,5.817448381882881,12.558957887905668,999.0,1000.0,-3.0,999.0,-1.0,998.5,3.0,2.0,1.0,0.0,0.0,0.0,0.0,0.0,0.0,-0.0,-0.0,-0.0,False
292,3,1.0,lots,1,symmetric,True,sell,0,1,-4.0,999.0,-1.0,998.5,9.0,999.5,1.0,-0.3668567949058714,5.817448381882881,12.558957887905668,999.0,1000.0,-5.0,999.0,-1.0,998.5,3.0,4.0,-1.0,0.0,0.0,0.0,-0.0,-0.0,-0.0,0.0,0.0,0.0,False
292,3,2.0,lots,1,symmetric,True,sell,0,1,-4.0,999.0,-1.0,998.5,9.0,999.5,1.0,-0.3668567949058714,5.817448381882881,12.558957887905668,999.0,1000.0,-6.0,999.0,-1.0,998.5,3.0,5.0,-2.0,0.0,0.0,0.0,-0.0,-0.0,-0.0,0.0,0.0,0.0,False
292,3,3.0,lots,1,symmetric,True,sell,0,1,-4.0,999.0,-1.0,998.5,9.0,999.5,1.0,-0.3668567949058714,5.817448381882881,12.558957887905668,999.0,1000.0,-6.0,999.0,-1.5,998.0,3.0,6.0,-2.0,0.0,-0.5,-0.5,-0.0,0.25,0.25,0.0,-0.1666666666666666,-0.1666666666666666,False
299,2,-3.0,lots,1,symmetric,True,sell,0,1,-6.0,998.5,-1.0,997.5,12.0,998.5,1.0,-0.0289199173130702,8.692010492765908,9.209727268584428,998.0,999.0,-5.0,998.5,-1.0,997.5,3.0,0.0,1.0,0.0,0.0,0.0,0.0,0.0,0.0,-0.0,-0.0,-0.0,False
299,2,-1.0,lots,1,symmetric,True,sell,0,1,-6.0,998.5,-1.0,997.5,12.0,998.5,1.0,-0.0289199173130702,8.692010492765908,9.209727268584428,998.0,999.0,-7.0,998.5,-1.0,997.5,3.0,2.0,-1.0,0.0,0.0,0.0,-0.0,-0.0,-0.0,-0.0,-0.0,-0.0,False
299,2,1.0,lots,1,symmetric,True,sell,0,1,-6.0,998.5,-1.0,997.5,12.0,998.5,1.0,-0.0289199173130702,8.692010492765908,9.209727268584428,998.0,999.0,-7.0,998.5,-1.0,997.5,3.0,4.0,-1.0,0.0,0.0,0.0,-0.0,-0.0,-0.0,0.0,0.0,0.0,False
299,2,2.0,lots,1,symmetric,True,sell,0,1,-6.0,998.5,-1.0,997.5,12.0,998.5,1.0,-0.0289199173130702,8.692010492765908,9.209727268584428,998.0,999.0,-7.0,998.5,-1.0,997.5,3.0,5.0,-1.0,0.0,0.0,0.0,-0.0,-0.0,-0.0,0.0,0.0,0.0,False
299,2,3.0,lots,1,symmetric,True,sell,0,1,-6.0,998.5,-1.0,997.5,12.0,998.5,1.0,-0.0289199173130702,8.692010492765908,9.209727268584428,998.0,999.0,-7.0,998.5,-1.0,997.5,3.0,6.0,-1.0,0.0,0.0,0.0,-0.0,-0.0,-0.0,0.0,0.0,0.0,False
304,3,-3.0,lots,1,symmetric,True,sell,0,1,-4.0,997.5,-1.0,996.5,11.0,997.5,1.0,0.0785316424201541,7.499679266234029,6.407523770304132,997.0,998.0,0.0,997.5,-1.0,996.5,3.0,0.0,4.0,0.0,0.0,0.0,0.0,0.0,0.0,-0.0,-0.0,-0.0,False
304,3,-2.0,lots,1,symmetric,True,sell,0,1,-4.0,997.5,-1.0,996.5,11.0,997.5,1.0,0.0785316424201541,7.499679266234029,6.407523770304132,997.0,998.0,-1.0,997.5,-1.0,996.5,3.0,1.0,3.0,0.0,0.0,0.0,0.0,0.0,0.0,-0.0,-0.0,-0.0,False
304,3,-1.0,lots,1,symmetric,True,sell,0,1,-4.0,997.5,-1.0,996.5,11.0,997.5,1.0,0.0785316424201541,7.499679266234029,6.407523770304132,997.0,998.0,-2.0,997.5,-1.0,996.5,3.0,2.0,2.0,0.0,0.0,0.0,0.0,0.0,0.0,-0.0,-0.0,-0.0,False
304,3,1.0,lots,1,symmetric,True,sell,0,1,-4.0,997.5,-1.0,996.5,11.0,997.5,1.0,0.0785316424201541,7.499679266234029,6.407523770304132,997.0,998.0,-5.0,997.5,-1.0,996.5,3.0,4.0,-1.0,0.0,0.0,0.0,-0.0,-0.0,-0.0,0.0,0.0,0.0,False
304,3,2.0,lots,1,symmetric,True,sell,0,1,-4.0,997.5,-1.0,996.5,11.0,997.5,1.0,0.0785316424201541,7.499679266234029,6.407523770304132,997.0,998.0,-6.0,997.5,-1.0,996.5,3.0,5.0,-2.0,0.0,0.0,0.0,-0.0,-0.0,-0.0,0.0,0.0,0.0,False
304,3,3.0,lots,1,symmetric,True,sell,0,1,-4.0,997.5,-1.0,996.5,11.0,997.5,1.0,0.0785316424201541,7.499679266234029,6.407523770304132,997.0,998.0,-6.0,997.5,-1.0,996.5,3.0,6.0,-2.0,0.0,0.0,0.0,-0.0,-0.0,-0.0,0.0,0.0,0.0,False
308,2,-3.0,lots,1,symmetric,True,sell,0,2,-8.0,998.5,-1.0,997.5,16.0,998.5,1.0,0.0171733843648088,8.399529352583242,8.115903476655541,998.0,999.0,-3.0,998.5,-0.5,998.0,3.0,0.0,5.0,0.0,0.5,0.5,0.0,0.1,0.1,-0.0,-0.1666666666666666,-0.1666666666666666,False
308,2,-2.0,lots,1,symmetric,True,sell,0,2,-8.0,998.5,-1.0,997.5,16.0,998.5,1.0,0.0171733843648088,8.399529352583242,8.115903476655541,998.0,999.0,-6.0,998.5,-1.0,997.5,3.0,1.0,2.0,0.0,0.0,0.0,0.0,0.0,0.0,-0.0,-0.0,-0.0,False
308,2,-1.0,lots,1,symmetric,True,sell,0,2,-8.0,998.5,-1.0,997.5,16.0,998.5,1.0,0.0171733843648088,8.399529352583242,8.115903476655541,998.0,999.0,-7.0,998.5,-1.0,997.5,3.0,2.0,1.0,0.0,0.0,0.0,0.0,0.0,0.0,-0.0,-0.0,-0.0,False
308,2,1.0,lots,1,symmetric,True,sell,0,2,-8.0,998.5,-1.0,997.5,16.0,998.5,1.0,0.0171733843648088,8.399529352583242,8.115903476655541,998.0,999.0,-9.0,998.5,-1.0,997.5,3.0,4.0,-1.0,0.0,0.0,0.0,-0.0,-0.0,-0.0,0.0,0.0,0.0,False
308,2,2.0,lots,1,symmetric,True,sell,0,2,-8.0,998.5,-1.0,997.5,16.0,998.5,1.0,0.0171733843648088,8.399529352583242,8.115903476655541,998.0,999.0,-10.0,998.5,-1.0,997.5,3.0,5.0,-2.0,0.0,0.0,0.0,-0.0,-0.0,-0.0,0.0,0.0,0.0,False
308,2,3.0,lots,1,symmetric,True,sell,0,2,-8.0,998.5,-1.0,997.5,16.0,998.5,1.0,0.0171733843648088,8.399529352583242,8.115903476655541,998.0,999.0,-11.0,998.5,-1.0,997.5,3.0,6.0,-3.0,0.0,0.0,0.0,-0.0,-0.0,-0.0,0.0,0.0,0.0,False
319,2,-3.0,lots,1,symmetric,True,sell,0,2,-9.0,998.5,-1.0,997.5,15.0,998.5,1.0,0.0183993357565683,9.245578512490065,8.911500322643953,998.0,999.0,-1.0,998.5,-1.0,997.5,3.0,0.0,8.0,0.0,0.0,0.0,0.0,0.0,0.0,-0.0,-0.0,-0.0,False
319,2,-2.0,lots,1,symmetric,True,sell,0,2,-9.0,998.5,-1.0,997.5,15.0,998.5,1.0,0.0183993357565683,9.245578512490065,8.911500322643953,998.0,999.0,-6.0,998.5,-1.0,997.5,3.0,1.0,3.0,0.0,0.0,0.0,0.0,0.0,0.0,-0.0,-0.0,-0.0,False
319,2,-1.0,lots,1,symmetric,True,sell,0,2,-9.0,998.5,-1.0,997.5,15.0,998.5,1.0,0.0183993357565683,9.245578512490065,8.911500322643953,998.0,999.0,-7.0,998.5,-1.0,997.5,3.0,2.0,2.0,0.0,0.0,0.0,0.0,0.0,0.0,-0.0,-0.0,-0.0,False
319,2,1.0,lots,1,symmetric,True,sell,0,2,-9.0,998.5,-1.0,997.5,15.0,998.5,1.0,0.0183993357565683,9.245578512490065,8.911500322643953,998.0,999.0,-10.0,998.5,-1.0,997.5,3.0,4.0,-1.0,0.0,0.0,0.0,-0.0,-0.0,-0.0,0.0,0.0,0.0,False
319,2,2.0,lots,1,symmetric,True,sell,0,2,-9.0,998.5,-1.0,997.5,15.0,998.5,1.0,0.0183993357565683,9.245578512490065,8.911500322643953,998.0,999.0,-11.0,998.5,-1.0,997.5,3.0,5.0,-2.0,0.0,0.0,0.0,-0.0,-0.0,-0.0,0.0,0.0,0.0,False
319,2,3.0,lots,1,symmetric,True,sell,0,2,-9.0,998.5,-1.0,997.5,15.0,998.5,1.0,0.0183993357565683,9.245578512490065,8.911500322643953,998.0,999.0,-12.0,998.5,-1.0,997.5,3.0,6.0,-3.0,0.0,0.0,0.0,-0.0,-0.0,-0.0,0.0,0.0,0.0,False
323,2,-3.0,lots,1,symmetric,True,sell,0,1,-8.0,998.5,-0.5,998.0,14.0,998.5,1.0,0.1580355019419871,8.015630321472432,5.8278663727661915,998.0,999.0,-1.0,998.5,0.0,998.5,3.0,0.0,7.0,0.0,0.5,0.5,0.0,0.0714285714285714,0.0714285714285714,-0.0,-0.1666666666666666,-0.1666666666666666,False
323,2,-2.0,lots,1,symmetric,True,sell,0,1,-8.0,998.5,-0.5,998.0,14.0,998.5,1.0,0.1580355019419871,8.015630321472432,5.8278663727661915,998.0,999.0,-7.0,998.5,0.0,998.5,3.0,1.0,1.0,0.0,0.5,0.5,0.0,0.5,0.5,-0.0,-0.25,-0.25,False
330,2,-3.0,lots,1,symmetric,True,sell,0,2,-4.0,997.5,0.0,997.5,15.0,997.5,1.0,0.3755717881672578,12.068225977177883,5.478260627141005,997.0,998.0,-2.0,997.5,0.0,997.5,3.0,0.0,2.0,0.0,0.0,0.0,0.0,0.0,0.0,-0.0,-0.0,-0.0,False
330,2,-2.0,lots,1,symmetric,True,sell,0,2,-4.0,997.5,0.0,997.5,15.0,997.5,1.0,0.3755717881672578,12.068225977177883,5.478260627141005,997.0,998.0,-3.0,997.5,0.0,997.5,3.0,1.0,1.0,0.0,0.0,0.0,0.0,0.0,0.0,-0.0,-0.0,-0.0,False
330,2,-1.0,lots,1,symmetric,True,sell,0,2,-4.0,997.5,0.0,997.5,15.0,997.5,1.0,0.3755717881672578,12.068225977177883,5.478260627141005,997.0,998.0,-3.0,997.5,0.0,997.5,3.0,2.0,1.0,0.0,0.0,0.0,0.0,0.0,0.0,-0.0,-0.0,-0.0,False
330,2,1.0,lots,1,symmetric,True,sell,0,2,-4.0,997.5,0.0,997.5,15.0,997.5,1.0,0.3755717881672578,12.068225977177883,5.478260627141005,997.0,998.0,-5.0,997.5,0.0,997.5,3.0,4.0,-1.0,0.0,0.0,0.0,-0.0,-0.0,-0.0,0.0,0.0,0.0,False
330,2,2.0,lots,1,symmetric,True,sell,0,2,-4.0,997.5,0.0,997.5,15.0,997.5,1.0,0.3755717881672578,12.068225977177883,5.478260627141005,997.0,998.0,-6.0,997.5,0.0,997.5,3.0,5.0,-2.0,0.0,0.0,0.0,-0.0,-0.0,-0.0,0.0,0.0,0.0,False
330,2,3.0,lots,1,symmetric,True,sell,0,2,-4.0,997.5,0.0,997.5,15.0,997.5,1.0,0.3755717881672578,12.068225977177883,5.478260627141005,997.0,998.0,-7.0,997.5,0.0,997.5,3.0,6.0,-3.0,0.0,0.0,0.0,-0.0,-0.0,-0.0,0.0,0.0,0.0,False
334,2,-3.0,lots,1,symmetric,True,sell,0,2,-4.0,998.5,-1.0,997.5,14.0,998.5,1.0,0.1700279248158156,8.057746222978778,5.715850205067533,998.0,999.0,-1.0,998.5,0.0,998.5,3.0,0.0,3.0,0.0,1.0,1.0,0.0,0.3333333333333333,0.3333333333333333,-0.0,-0.3333333333333333,-0.3333333333333333,False
334,2,-2.0,lots,1,symmetric,True,sell,0,2,-4.0,998.5,-1.0,997.5,14.0,998.5,1.0,0.1700279248158156,8.057746222978778,5.715850205067533,998.0,999.0,-2.0,998.5,0.0,998.5,3.0,1.0,2.0,0.0,1.0,1.0,0.0,0.5,0.5,-0.0,-0.5,-0.5,False
334,2,-1.0,lots,1,symmetric,True,sell,0,2,-4.0,998.5,-1.0,997.5,14.0,998.5,1.0,0.1700279248158156,8.057746222978778,5.715850205067533,998.0,999.0,-3.0,998.5,0.0,998.5,3.0,2.0,1.0,0.0,1.0,1.0,0.0,1.0,1.0,-0.0,-1.0,-1.0,False
334,2,1.0,lots,1,symmetric,True,sell,0,2,-4.0,998.5,-1.0,997.5,14.0,998.5,1.0,0.1700279248158156,8.057746222978778,5.715850205067533,998.0,999.0,-5.0,998.5,-0.5,998.0,3.0,4.0,-1.0,0.0,0.5,0.5,-0.0,-0.5,-0.5,0.0,0.5,0.5,False
334,2,2.0,lots,1,symmetric,True,sell,0,2,-4.0,998.5,-1.0,997.5,14.0,998.5,1.0,0.1700279248158156,8.057746222978778,5.715850205067533,998.0,999.0,-5.0,998.5,-1.0,997.5,3.0,5.0,-1.0,0.0,0.0,0.0,-0.0,-0.0,-0.0,0.0,0.0,0.0,False
334,2,3.0,lots,1,symmetric,True,sell,0,2,-4.0,998.5,-1.0,997.5,14.0,998.5,1.0,0.1700279248158156,8.057746222978778,5.715850205067533,998.0,999.0,-6.0,998.5,-1.0,997.5,3.0,6.0,-2.0,0.0,0.0,0.0,-0.0,-0.0,-0.0,0.0,0.0,0.0,False
349,3,-3.0,lots,1,symmetric,True,sell,0,1,-6.0,998.5,-1.0,997.5,10.0,998.5,1.0,-0.0525726906876943,8.177514367799354,9.085054037021148,998.0,999.0,-5.0,998.5,-1.0,997.5,3.0,0.0,1.0,0.0,0.0,0.0,0.0,0.0,0.0,-0.0,-0.0,-0.0,False
351,2,-3.0,lots,1,symmetric,True,sell,0,2,-7.0,998.5,0.0,998.5,14.0,998.5,1.0,0.1590839751277151,9.131723127533329,6.62506986328882,998.0,999.0,-5.0,998.5,0.0,998.5,3.0,0.0,2.0,0.0,0.0,0.0,0.0,0.0,0.0,-0.0,-0.0,-0.0,False
351,2,-2.0,lots,1,symmetric,True,sell,0,2,-7.0,998.5,0.0,998.5,14.0,998.5,1.0,0.1590839751277151,9.131723127533329,6.62506986328882,998.0,999.0,-6.0,998.5,0.0,998.5,3.0,1.0,1.0,0.0,0.0,0.0,0.0,0.0,0.0,-0.0,-0.0,-0.0,False
351,2,1.0,lots,1,symmetric,True,sell,0,2,-7.0,998.5,0.0,998.5,14.0,998.5,1.0,0.1590839751277151,9.131723127533329,6.62506986328882,998.0,999.0,-8.0,998.5,0.0,998.5,3.0,4.0,-1.0,0.0,0.0,0.0,-0.0,-0.0,-0.0,0.0,0.0,0.0,False
351,2,2.0,lots,1,symmetric,True,sell,0,2,-7.0,998.5,0.0,998.5,14.0,998.5,1.0,0.1590839751277151,9.131723127533329,6.62506986328882,998.0,999.0,-10.0,998.5,0.0,998.5,3.0,5.0,-3.0,0.0,0.0,0.0,-0.0,-0.0,-0.0,0.0,0.0,0.0,False
351,2,3.0,lots,1,symmetric,True,sell,0,2,-7.0,998.5,0.0,998.5,14.0,998.5,1.0,0.1590839751277151,9.131723127533329,6.62506986328882,998.0,999.0,-11.0,998.5,-0.5,998.0,3.0,6.0,-4.0,0.0,-0.5,-0.5,-0.0,0.125,0.125,0.0,-0.1666666666666666,-0.1666666666666666,False
358,2,-3.0,lots,1,symmetric,True,sell,0,2,-3.0,998.0,-1.0,997.5,14.0,998.5,1.0,-0.0509811335231844,6.709508967063148,7.430376348329707,998.0,999.0,0.0,998.5,-0.5,998.0,3.0,0.0,3.0,0.5,0.5,0.5,0.1666666666666666,0.1666666666666666,0.1666666666666666,-0.1666666666666666,-0.1666666666666666,-0.1666666666666666,False
358,2,-2.0,lots,1,symmetric,True,sell,0,2,-3.0,998.0,-1.0,997.5,14.0,998.5,1.0,-0.0509811335231844,6.709508967063148,7.430376348329707,998.0,999.0,-1.0,998.5,-1.0,997.5,3.0,1.0,2.0,0.5,0.0,0.0,0.25,0.0,0.0,-0.25,-0.0,-0.0,False
358,2,-1.0,lots,1,symmetric,True,sell,0,2,-3.0,998.0,-1.0,997.5,14.0,998.5,1.0,-0.0509811335231844,6.709508967063148,7.430376348329707,998.0,999.0,-2.0,998.0,-1.0,997.5,3.0,2.0,1.0,0.0,0.0,0.0,0.0,0.0,0.0,-0.0,-0.0,-0.0,False
358,2,1.0,lots,1,symmetric,True,sell,0,2,-3.0,998.0,-1.0,997.5,14.0,998.5,1.0,-0.0509811335231844,6.709508967063148,7.430376348329707,998.0,999.0,-4.0,998.0,-1.0,997.5,3.0,4.0,-1.0,0.0,0.0,0.0,-0.0,-0.0,-0.0,0.0,0.0,0.0,False
358,2,2.0,lots,1,symmetric,True,sell,0,2,-3.0,998.0,-1.0,997.5,14.0,998.5,1.0,-0.0509811335231844,6.709508967063148,7.430376348329707,998.0,999.0,-5.0,998.0,-1.0,997.5,3.0,5.0,-2.0,0.0,0.0,0.0,-0.0,-0.0,-0.0,0.0,0.0,0.0,False
358,2,3.0,lots,1,symmetric,True,sell,0,2,-3.0,998.0,-1.0,997.5,14.0,998.5,1.0,-0.0509811335231844,6.709508967063148,7.430376348329707,998.0,999.0,-6.0,998.0,-1.0,997.5,3.0,6.0,-3.0,0.0,0.0,0.0,-0.0,-0.0,-0.0,0.0,0.0,0.0,False
360,2,-3.0,lots,1,symmetric,True,sell,0,1,-3.0,998.5,0.0,998.5,13.0,998.5,1.0,0.1690177716865911,8.231002179613078,5.850908940930222,998.0,999.0,0.0,998.5,0.0,998.5,3.0,0.0,3.0,0.0,0.0,0.0,0.0,0.0,0.0,-0.0,-0.0,-0.0,False
360,2,-2.0,lots,1,symmetric,True,sell,0,1,-3.0,998.5,0.0,998.5,13.0,998.5,1.0,0.1690177716865911,8.231002179613078,5.850908940930222,998.0,999.0,-1.0,998.5,0.0,998.5,3.0,1.0,2.0,0.0,0.0,0.0,0.0,0.0,0.0,-0.0,-0.0,-0.0,False
360,2,-1.0,lots,1,symmetric,True,sell,0,1,-3.0,998.5,0.0,998.5,13.0,998.5,1.0,0.1690177716865911,8.231002179613078,5.850908940930222,998.0,999.0,-2.0,998.5,0.0,998.5,3.0,2.0,1.0,0.0,0.0,0.0,0.0,0.0,0.0,-0.0,-0.0,-0.0,False
360,2,1.0,lots,1,symmetric,True,sell,0,1,-3.0,998.5,0.0,998.5,13.0,998.5,1.0,0.1690177716865911,8.231002179613078,5.850908940930222,998.0,999.0,-4.0,998.5,0.0,998.5,3.0,4.0,-1.0,0.0,0.0,0.0,-0.0,-0.0,-0.0,0.0,0.0,0.0,False
360,2,2.0,lots,1,symmetric,True,sell,0,1,-3.0,998.5,0.0,998.5,13.0,998.5,1.0,0.1690177716865911,8.231002179613078,5.850908940930222,998.0,999.0,-5.0,998.0,-1.0,997.5,3.0,5.0,-2.0,-0.5,-1.0,-1.0,0.25,0.5,0.5,-0.25,-0.5,-0.5,False
360,2,3.0,lots,1,symmetric,True,sell,0,1,-3.0,998.5,0.0,998.5,13.0,998.5,1.0,0.1690177716865911,8.231002179613078,5.850908940930222,998.0,999.0,-6.0,998.0,-1.0,997.5,3.0,6.0,-3.0,-0.5,-1.0,-1.0,0.1666666666666666,0.3333333333333333,0.3333333333333333,-0.1666666666666666,-0.3333333333333333,-0.3333333333333333,False
361,3,-3.0,lots,1,symmetric,True,sell,0,1,-6.0,998.5,0.0,998.5,10.0,998.5,1.0,-0.1177639532086453,7.659259154420568,9.704028555885271,998.0,999.0,-3.0,998.5,-0.5,998.0,3.0,0.0,3.0,0.0,-0.5,-0.5,0.0,-0.1666666666666666,-0.1666666666666666,-0.0,0.1666666666666666,0.1666666666666666,False
361,3,-2.0,lots,1,symmetric,True,sell,0,1,-6.0,998.5,0.0,998.5,10.0,998.5,1.0,-0.1177639532086453,7.659259154420568,9.704028555885271,998.0,999.0,-4.0,998.5,0.0,998.5,3.0,1.0,2.0,0.0,0.0,0.0,0.0,0.0,0.0,-0.0,-0.0,-0.0,False
361,3,-1.0,lots,1,symmetric,True,sell,0,1,-6.0,998.5,0.0,998.5,10.0,998.5,1.0,-0.1177639532086453,7.659259154420568,9.704028555885271,998.0,999.0,-5.0,998.5,0.0,998.5,3.0,2.0,1.0,0.0,0.0,0.0,0.0,0.0,0.0,-0.0,-0.0,-0.0,False
367,2,-3.0,lots,1,symmetric,True,sell,0,2,-9.0,998.5,0.0,998.5,15.0,998.5,1.0,0.1799501967026767,10.315848595602738,7.169378534203183,998.0,999.0,-6.0,998.5,0.0,998.5,3.0,0.0,3.0,0.0,0.0,0.0,0.0,0.0,0.0,-0.0,-0.0,-0.0,False
367,2,-2.0,lots,1,symmetric,True,sell,0,2,-9.0,998.5,0.0,998.5,15.0,998.5,1.0,0.1799501967026767,10.315848595602738,7.169378534203183,998.0,999.0,-7.0,998.5,0.0,998.5,3.0,1.0,2.0,0.0,0.0,0.0,0.0,0.0,0.0,-0.0,-0.0,-0.0,False
367,2,-1.0,lots,1,symmetric,True,sell,0,2,-9.0,998.5,0.0,998.5,15.0,998.5,1.0,0.1799501967026767,10.315848595602738,7.169378534203183,998.0,999.0,-8.0,998.5,0.0,998.5,3.0,2.0,1.0,0.0,0.0,0.0,0.0,0.0,0.0,-0.0,-0.0,-0.0,False
367,2,1.0,lots,1,symmetric,True,sell,0,2,-9.0,998.5,0.0,998.5,15.0,998.5,1.0,0.1799501967026767,10.315848595602738,7.169378534203183,998.0,999.0,-10.0,998.5,0.0,998.5,3.0,4.0,-1.0,0.0,0.0,0.0,-0.0,-0.0,-0.0,0.0,0.0,0.0,False
367,2,2.0,lots,1,symmetric,True,sell,0,2,-9.0,998.5,0.0,998.5,15.0,998.5,1.0,0.1799501967026767,10.315848595602738,7.169378534203183,998.0,999.0,-11.0,998.5,0.0,998.5,3.0,5.0,-2.0,0.0,0.0,0.0,-0.0,-0.0,-0.0,0.0,0.0,0.0,False
367,2,3.0,lots,1,symmetric,True,sell,0,2,-9.0,998.5,0.0,998.5,15.0,998.5,1.0,0.1799501967026767,10.315848595602738,7.169378534203183,998.0,999.0,-12.0,998.5,0.0,998.5,3.0,6.0,-3.0,0.0,0.0,0.0,-0.0,-0.0,-0.0,0.0,0.0,0.0,False
368,4,-3.0,lots,1,symmetric,True,sell,0,1,-7.0,996.5,0.0,996.5,10.0,996.5,1.0,0.3002939100025062,10.91336481182456,5.872632150667597,996.0,997.0,-6.0,996.5,0.0,996.5,3.0,0.0,1.0,0.0,0.0,0.0,0.0,0.0,0.0,-0.0,-0.0,-0.0,False
373,2,-3.0,lots,1,symmetric,True,sell,0,2,-3.0,998.0,-1.0,997.5,15.0,998.5,1.0,0.0260344967071142,6.819294570633929,6.473230373740382,998.0,999.0,0.0,998.5,-1.0,997.5,3.0,0.0,3.0,0.5,0.0,0.0,0.1666666666666666,0.0,0.0,-0.1666666666666666,-0.0,-0.0,False
373,2,-2.0,lots,1,symmetric,True,sell,0,2,-3.0,998.0,-1.0,997.5,15.0,998.5,1.0,0.0260344967071142,6.819294570633929,6.473230373740382,998.0,999.0,-1.0,998.0,-1.0,997.5,3.0,1.0,2.0,0.0,0.0,0.0,0.0,0.0,0.0,-0.0,-0.0,-0.0,False
373,2,-1.0,lots,1,symmetric,True,sell,0,2,-3.0,998.0,-1.0,997.5,15.0,998.5,1.0,0.0260344967071142,6.819294570633929,6.473230373740382,998.0,999.0,-2.0,998.0,-1.0,997.5,3.0,2.0,1.0,0.0,0.0,0.0,0.0,0.0,0.0,-0.0,-0.0,-0.0,False
373,2,1.0,lots,1,symmetric,True,sell,0,2,-3.0,998.0,-1.0,997.5,15.0,998.5,1.0,0.0260344967071142,6.819294570633929,6.473230373740382,998.0,999.0,-4.0,998.0,-1.0,997.5,3.0,4.0,-1.0,0.0,0.0,0.0,-0.0,-0.0,-0.0,0.0,0.0,0.0,False
373,2,2.0,lots,1,symmetric,True,sell,0,2,-3.0,998.0,-1.0,997.5,15.0,998.5,1.0,0.0260344967071142,6.819294570633929,6.473230373740382,998.0,999.0,-5.0,998.0,-1.0,997.5,3.0,5.0,-2.0,0.0,0.0,0.0,-0.0,-0.0,-0.0,0.0,0.0,0.0,False
373,2,3.0,lots,1,symmetric,True,sell,0,2,-3.0,998.0,-1.0,997.5,15.0,998.5,1.0,0.0260344967071142,6.819294570633929,6.473230373740382,998.0,999.0,-6.0,998.0,-1.0,997.5,3.0,6.0,-3.0,0.0,0.0,0.0,-0.0,-0.0,-0.0,0.0,0.0,0.0,False
374,3,-3.0,lots,1,symmetric,True,sell,0,1,-5.0,997.5,-0.5,997.0,12.0,997.5,1.0,0.3142703446012322,9.305266519962457,4.855087258370422,997.0,998.0,-2.0,997.5,-0.5,997.0,3.0,0.0,3.0,0.0,0.0,0.0,0.0,0.0,0.0,-0.0,-0.0,-0.0,False
374,3,-2.0,lots,1,symmetric,True,sell,0,1,-5.0,997.5,-0.5,997.0,12.0,997.5,1.0,0.3142703446012322,9.305266519962457,4.855087258370422,997.0,998.0,-3.0,997.5,-0.5,997.0,3.0,1.0,2.0,0.0,0.0,0.0,0.0,0.0,0.0,-0.0,-0.0,-0.0,False
374,3,-1.0,lots,1,symmetric,True,sell,0,1,-5.0,997.5,-0.5,997.0,12.0,997.5,1.0,0.3142703446012322,9.305266519962457,4.855087258370422,997.0,998.0,-6.0,997.5,-0.5,997.0,3.0,2.0,-1.0,0.0,0.0,0.0,-0.0,-0.0,-0.0,-0.0,-0.0,-0.0,False
374,3,1.0,lots,1,symmetric,True,sell,0,1,-5.0,997.5,-0.5,997.0,12.0,997.5,1.0,0.3142703446012322,9.305266519962457,4.855087258370422,997.0,998.0,-4.0,997.5,-1.0,996.5,3.0,4.0,1.0,0.0,-0.5,-0.5,0.0,-0.5,-0.5,0.0,-0.5,-0.5,False
374,3,3.0,lots,1,symmetric,True,sell,0,1,-5.0,997.5,-0.5,997.0,12.0,997.5,1.0,0.3142703446012322,9.305266519962457,4.855087258370422,997.0,998.0,-6.0,997.0,-1.0,996.5,3.0,6.0,-1.0,-0.5,-0.5,-0.5,0.5,0.5,0.5,-0.1666666666666666,-0.1666666666666666,-0.1666666666666666,False
378,3,-3.0,lots,1,symmetric,True,sell,0,1,-3.0,998.5,-1.0,997.5,11.0,998.5,1.0,-0.1434815262694587,7.810257408677295,10.426961397964307,998.0,999.0,0.0,998.5,-1.0,997.5,3.0,0.0,3.0,0.0,0.0,0.0,0.0,0.0,0.0,-0.0,-0.0,-0.0,False
378,3,-2.0,lots,1,symmetric,True,sell,0,1,-3.0,998.5,-1.0,997.5,11.0,998.5,1.0,-0.1434815262694587,7.810257408677295,10.426961397964307,998.0,999.0,-1.0,998.5,-1.0,997.5,3.0,1.0,2.0,0.0,0.0,0.0,0.0,0.0,0.0,-0.0,-0.0,-0.0,False
378,3,-1.0,lots,1,symmetric,True,sell,0,1,-3.0,998.5,-1.0,997.5,11.0,998.5,1.0,-0.1434815262694587,7.810257408677295,10.426961397964307,998.0,999.0,-2.0,998.5,-1.0,997.5,3.0,2.0,1.0,0.0,0.0,0.0,0.0,0.0,0.0,-0.0,-0.0,-0.0,False
378,3,1.0,lots,1,symmetric,True,sell,0,1,-3.0,998.5,-1.0,997.5,11.0,998.5,1.0,-0.1434815262694587,7.810257408677295,10.426961397964307,998.0,999.0,-4.0,998.5,-1.0,997.5,3.0,4.0,-1.0,0.0,0.0,0.0,-0.0,-0.0,-0.0,0.0,0.0,0.0,False
378,3,2.0,lots,1,symmetric,True,sell,0,1,-3.0,998.5,-1.0,997.5,11.0,998.5,1.0,-0.1434815262694587,7.810257408677295,10.426961397964307,998.0,999.0,-5.0,998.5,-1.0,997.5,3.0,5.0,-2.0,0.0,0.0,0.0,-0.0,-0.0,-0.0,0.0,0.0,0.0,False
378,3,3.0,lots,1,symmetric,True,sell,0,1,-3.0,998.5,-1.0,997.5,11.0,998.5,1.0,-0.1434815262694587,7.810257408677295,10.426961397964307,998.0,999.0,-6.0,998.0,-1.0,997.5,3.0,6.0,-3.0,-0.5,0.0,0.0,0.1666666666666666,-0.0,-0.0,-0.1666666666666666,0.0,0.0,False
379,2,-3.0,lots,1,symmetric,True,sell,0,1,-7.0,999.5,-1.0,998.5,14.0,999.5,1.0,-0.1547607238472155,6.304516922625355,8.613192418382026,999.0,1000.0,-4.0,999.5,-1.0,998.5,3.0,0.0,3.0,0.0,0.0,0.0,0.0,0.0,0.0,-0.0,-0.0,-0.0,False
379,2,-2.0,lots,1,symmetric,True,sell,0,1,-7.0,999.5,-1.0,998.5,14.0,999.5,1.0,-0.1547607238472155,6.304516922625355,8.613192418382026,999.0,1000.0,-5.0,999.5,-1.0,998.5,3.0,1.0,2.0,0.0,0.0,0.0,0.0,0.0,0.0,-0.0,-0.0,-0.0,False
379,2,1.0,lots,1,symmetric,True,sell,0,1,-7.0,999.5,-1.0,998.5,14.0,999.5,1.0,-0.1547607238472155,6.304516922625355,8.613192418382026,999.0,1000.0,-4.0,999.0,-1.0,998.5,3.0,4.0,3.0,-0.5,0.0,0.0,-0.1666666666666666,0.0,0.0,-0.5,0.0,0.0,False
379,2,2.0,lots,1,symmetric,True,sell,0,1,-7.0,999.5,-1.0,998.5,14.0,999.5,1.0,-0.1547607238472155,6.304516922625355,8.613192418382026,999.0,1000.0,-5.0,999.0,-1.0,998.5,3.0,5.0,2.0,-0.5,0.0,0.0,-0.25,0.0,0.0,-0.25,0.0,0.0,False
379,2,3.0,lots,1,symmetric,True,sell,0,1,-7.0,999.5,-1.0,998.5,14.0,999.5,1.0,-0.1547607238472155,6.304516922625355,8.613192418382026,999.0,1000.0,-6.0,999.0,-1.0,998.5,3.0,6.0,1.0,-0.5,0.0,0.0,-0.5,0.0,0.0,-0.1666666666666666,0.0,0.0,False
380,2,-3.0,lots,1,symmetric,True,sell,0,1,-4.0,998.0,-1.0,997.5,15.0,998.5,1.0,-0.2777202630971686,5.709461135163384,10.10009531078044,998.0,999.0,-1.0,998.0,-1.0,997.5,4.0,1.0,3.0,0.0,0.0,0.0,0.0,0.0,0.0,-0.0,-0.0,-0.0,False
380,2,-2.0,lots,1,symmetric,True,sell,0,1,-4.0,998.0,-1.0,997.5,15.0,998.5,1.0,-0.2777202630971686,5.709461135163384,10.10009531078044,998.0,999.0,-2.0,998.0,-1.0,997.5,4.0,2.0,2.0,0.0,0.0,0.0,0.0,0.0,0.0,-0.0,-0.0,-0.0,False
380,2,-1.0,lots,1,symmetric,True,sell,0,1,-4.0,998.0,-1.0,997.5,15.0,998.5,1.0,-0.2777202630971686,5.709461135163384,10.10009531078044,998.0,999.0,-3.0,998.0,-1.0,997.5,4.0,3.0,1.0,0.0,0.0,0.0,0.0,0.0,0.0,-0.0,-0.0,-0.0,False
380,2,1.0,lots,1,symmetric,True,sell,0,1,-4.0,998.0,-1.0,997.5,15.0,998.5,1.0,-0.2777202630971686,5.709461135163384,10.10009531078044,998.0,999.0,-5.0,998.0,-1.0,997.5,4.0,5.0,-1.0,0.0,0.0,0.0,-0.0,-0.0,-0.0,0.0,0.0,0.0,False
380,2,2.0,lots,1,symmetric,True,sell,0,1,-4.0,998.0,-1.0,997.5,15.0,998.5,1.0,-0.2777202630971686,5.709461135163384,10.10009531078044,998.0,999.0,-7.0,998.0,-1.0,997.5,4.0,6.0,-3.0,0.0,0.0,0.0,-0.0,-0.0,-0.0,0.0,0.0,0.0,False
380,2,3.0,lots,1,symmetric,True,sell,0,1,-4.0,998.0,-1.0,997.5,15.0,998.5,1.0,-0.2777202630971686,5.709461135163384,10.10009531078044,998.0,999.0,-7.0,998.0,-1.0,997.5,4.0,7.0,-3.0,0.0,0.0,0.0,-0.0,-0.0,-0.0,0.0,0.0,0.0,False
385,2,-3.0,lots,1,symmetric,True,sell,0,2,-7.0,998.5,0.0,998.5,14.0,998.5,1.0,0.2103911030115454,11.290972083095658,7.365761356208147,998.0,999.0,-4.0,998.5,-0.5,998.0,3.0,0.0,3.0,0.0,-0.5,-0.5,0.0,-0.1666666666666666,-0.1666666666666666,-0.0,0.1666666666666666,0.1666666666666666,False
385,2,-2.0,lots,1,symmetric,True,sell,0,2,-7.0,998.5,0.0,998.5,14.0,998.5,1.0,0.2103911030115454,11.290972083095658,7.365761356208147,998.0,999.0,-6.0,998.5,-1.0,997.5,3.0,1.0,1.0,0.0,-1.0,-1.0,0.0,-1.0,-1.0,-0.0,0.5,0.5,False
385,2,-1.0,lots,1,symmetric,True,sell,0,2,-7.0,998.5,0.0,998.5,14.0,998.5,1.0,0.2103911030115454,11.290972083095658,7.365761356208147,998.0,999.0,-6.0,998.5,0.0,998.5,3.0,2.0,1.0,0.0,0.0,0.0,0.0,0.0,0.0,-0.0,-0.0,-0.0,False
385,2,1.0,lots,1,symmetric,True,sell,0,2,-7.0,998.5,0.0,998.5,14.0,998.5,1.0,0.2103911030115454,11.290972083095658,7.365761356208147,998.0,999.0,-9.0,998.5,-1.0,997.5,3.0,4.0,-2.0,0.0,-1.0,-1.0,-0.0,0.5,0.5,0.0,-1.0,-1.0,False
385,2,2.0,lots,1,symmetric,True,sell,0,2,-7.0,998.5,0.0,998.5,14.0,998.5,1.0,0.2103911030115454,11.290972083095658,7.365761356208147,998.0,999.0,-10.0,998.5,-1.0,997.5,3.0,5.0,-3.0,0.0,-1.0,-1.0,-0.0,0.3333333333333333,0.3333333333333333,0.0,-0.5,-0.5,False
385,2,3.0,lots,1,symmetric,True,sell,0,2,-7.0,998.5,0.0,998.5,14.0,998.5,1.0,0.2103911030115454,11.290972083095658,7.365761356208147,998.0,999.0,-11.0,998.5,-1.0,997.5,3.0,6.0,-4.0,0.0,-1.0,-1.0,-0.0,0.25,0.25,0.0,-0.3333333333333333,-0.3333333333333333,False
390,2,-3.0,lots,1,symmetric,True,sell,0,1,-5.0,998.5,-1.0,997.5,13.0,998.5,1.0,-0.0798144565516288,7.815984157125648,9.171859681053885,998.0,999.0,-4.0,998.5,0.0,998.5,3.0,0.0,1.0,0.0,1.0,1.0,0.0,1.0,1.0,-0.0,-0.3333333333333333,-0.3333333333333333,False
390,2,-1.0,lots,1,symmetric,True,sell,0,1,-5.0,998.5,-1.0,997.5,13.0,998.5,1.0,-0.0798144565516288,7.815984157125648,9.171859681053885,998.0,999.0,-4.0,998.5,-1.0,997.5,3.0,2.0,1.0,0.0,0.0,0.0,0.0,0.0,0.0,-0.0,-0.0,-0.0,False
390,2,1.0,lots,1,symmetric,True,sell,0,1,-5.0,998.5,-1.0,997.5,13.0,998.5,1.0,-0.0798144565516288,7.815984157125648,9.171859681053885,998.0,999.0,-4.0,998.5,-1.0,997.5,3.0,4.0,1.0,0.0,0.0,0.0,0.0,0.0,0.0,0.0,0.0,0.0,False
390,2,3.0,lots,1,symmetric,True,sell,0,1,-5.0,998.5,-1.0,997.5,13.0,998.5,1.0,-0.0798144565516288,7.815984157125648,9.171859681053885,998.0,999.0,-6.0,998.0,-1.0,997.5,3.0,6.0,-1.0,-0.5,0.0,0.0,0.5,-0.0,-0.0,-0.1666666666666666,0.0,0.0,False
393,4,-3.0,lots,1,symmetric,True,sell,0,1,-3.0,997.0,-1.0,996.5,9.0,997.5,1.0,-0.1353098633194085,7.164495729138426,9.406748524072997,997.0,998.0,0.0,997.5,-1.0,996.5,3.0,0.0,3.0,0.5,0.0,0.0,0.1666666666666666,0.0,0.0,-0.1666666666666666,-0.0,-0.0,False
393,4,-2.0,lots,1,symmetric,True,sell,0,1,-3.0,997.0,-1.0,996.5,9.0,997.5,1.0,-0.1353098633194085,7.164495729138426,9.406748524072997,997.0,998.0,-1.0,997.5,-1.0,996.5,3.0,1.0,2.0,0.5,0.0,0.0,0.25,0.0,0.0,-0.25,-0.0,-0.0,False
393,4,-1.0,lots,1,symmetric,True,sell,0,1,-3.0,997.0,-1.0,996.5,9.0,997.5,1.0,-0.1353098633194085,7.164495729138426,9.406748524072997,997.0,998.0,-2.0,997.5,-1.0,996.5,3.0,2.0,1.0,0.5,0.0,0.0,0.5,0.0,0.0,-0.5,-0.0,-0.0,False
393,4,1.0,lots,1,symmetric,True,sell,0,1,-3.0,997.0,-1.0,996.5,9.0,997.5,1.0,-0.1353098633194085,7.164495729138426,9.406748524072997,997.0,998.0,-4.0,997.0,-1.0,996.5,3.0,4.0,-1.0,0.0,0.0,0.0,-0.0,-0.0,-0.0,0.0,0.0,0.0,False
393,4,2.0,lots,1,symmetric,True,sell,0,1,-3.0,997.0,-1.0,996.5,9.0,997.5,1.0,-0.1353098633194085,7.164495729138426,9.406748524072997,997.0,998.0,-5.0,997.0,-1.0,996.5,3.0,5.0,-2.0,0.0,0.0,0.0,-0.0,-0.0,-0.0,0.0,0.0,0.0,False
393,4,3.0,lots,1,symmetric,True,sell,0,1,-3.0,997.0,-1.0,996.5,9.0,997.5,1.0,-0.1353098633194085,7.164495729138426,9.406748524072997,997.0,998.0,-6.0,997.0,-1.0,996.5,3.0,6.0,-3.0,0.0,0.0,0.0,-0.0,-0.0,-0.0,0.0,0.0,0.0,False
398,3,-3.0,lots,1,symmetric,True,sell,0,1,-5.0,997.5,-0.5,997.5,11.0,998.0,2.0,0.0020334205252594,5.907584952182585,5.8836084974048894,997.0,999.0,-2.0,997.5,-0.5,997.5,3.0,0.0,3.0,0.0,0.0,0.0,0.0,0.0,0.0,-0.0,-0.0,-0.0,False
398,3,-2.0,lots,1,symmetric,True,sell,0,1,-5.0,997.5,-0.5,997.5,11.0,998.0,2.0,0.0020334205252594,5.907584952182585,5.8836084974048894,997.0,999.0,-3.0,997.5,-0.5,997.5,3.0,1.0,2.0,0.0,0.0,0.0,0.0,0.0,0.0,-0.0,-0.0,-0.0,False
398,3,-1.0,lots,1,symmetric,True,sell,0,1,-5.0,997.5,-0.5,997.5,11.0,998.0,2.0,0.0020334205252594,5.907584952182585,5.8836084974048894,997.0,999.0,-4.0,997.5,-0.5,997.5,3.0,2.0,1.0,0.0,0.0,0.0,0.0,0.0,0.0,-0.0,-0.0,-0.0,False
398,3,1.0,lots,1,symmetric,True,sell,0,1,-5.0,997.5,-0.5,997.5,11.0,998.0,2.0,0.0020334205252594,5.907584952182585,5.8836084974048894,997.0,999.0,-6.0,997.5,-0.5,997.5,3.0,4.0,-1.0,0.0,0.0,0.0,-0.0,-0.0,-0.0,0.0,0.0,0.0,False
398,3,2.0,lots,1,symmetric,True,sell,0,1,-5.0,997.5,-0.5,997.5,11.0,998.0,2.0,0.0020334205252594,5.907584952182585,5.8836084974048894,997.0,999.0,-7.0,997.5,-0.5,997.5,3.0,5.0,-2.0,0.0,0.0,0.0,-0.0,-0.0,-0.0,0.0,0.0,0.0,False
398,3,3.0,lots,1,symmetric,True,sell,0,1,-5.0,997.5,-0.5,997.5,11.0,998.0,2.0,0.0020334205252594,5.907584952182585,5.8836084974048894,997.0,999.0,-7.0,997.5,-0.5,997.5,3.0,6.0,-2.0,0.0,0.0,0.0,-0.0,-0.0,-0.0,0.0,0.0,0.0,False
399,2,-3.0,lots,1,symmetric,True,sell,0,1,-4.0,998.0,-1.0,997.5,14.0,998.5,1.0,-0.2221441857147802,6.2533268801440105,9.825043340409682,998.0,999.0,-3.0,998.5,-1.0,997.5,4.0,1.0,1.0,0.5,0.0,0.0,0.5,0.0,0.0,-0.1666666666666666,-0.0,-0.0,False
399,2,-2.0,lots,1,symmetric,True,sell,0,1,-4.0,998.0,-1.0,997.5,14.0,998.5,1.0,-0.2221441857147802,6.2533268801440105,9.825043340409682,998.0,999.0,-2.0,998.0,-1.0,997.5,4.0,2.0,2.0,0.0,0.0,0.0,0.0,0.0,0.0,-0.0,-0.0,-0.0,False
399,2,-1.0,lots,1,symmetric,True,sell,0,1,-4.0,998.0,-1.0,997.5,14.0,998.5,1.0,-0.2221441857147802,6.2533268801440105,9.825043340409682,998.0,999.0,-3.0,998.0,-1.0,997.5,4.0,3.0,1.0,0.0,0.0,0.0,0.0,0.0,0.0,-0.0,-0.0,-0.0,False
399,2,1.0,lots,1,symmetric,True,sell,0,1,-4.0,998.0,-1.0,997.5,14.0,998.5,1.0,-0.2221441857147802,6.2533268801440105,9.825043340409682,998.0,999.0,-5.0,998.0,-1.0,997.5,4.0,5.0,-1.0,0.0,0.0,0.0,-0.0,-0.0,-0.0,0.0,0.0,0.0,False
399,2,2.0,lots,1,symmetric,True,sell,0,1,-4.0,998.0,-1.0,997.5,14.0,998.5,1.0,-0.2221441857147802,6.2533268801440105,9.825043340409682,998.0,999.0,-6.0,998.0,-1.0,997.5,4.0,6.0,-2.0,0.0,0.0,0.0,-0.0,-0.0,-0.0,0.0,0.0,0.0,False
399,2,3.0,lots,1,symmetric,True,sell,0,1,-4.0,998.0,-1.0,997.5,14.0,998.5,1.0,-0.2221441857147802,6.2533268801440105,9.825043340409682,998.0,999.0,-7.0,998.0,-1.0,997.5,4.0,7.0,-3.0,0.0,0.0,0.0,-0.0,-0.0,-0.0,0.0,0.0,0.0,False
